1,2,3,4,5,6,7,8
-4872.143849390012,6400.712597455096,187500.0,187500.0,0.0,0.0,0.0,0.0
-1926.1839301805414,11788.265322240035,187500.0,187500.0,0.0,0.0,0.0,0.0
-1822.9635742859334,13825.02333224098,187500.0,187500.0,0.0,0.0,0.0,0.0
-5350.672346433681,10616.698636615114,187500.0,187500.0,0.0,0.0,0.0,0.0
-6568.082459936436,9070.382603452517,187500.0,187500.0,0.0,0.0,0.0,0.0
-6705.9927232256805,8760.587425301961,187500.0,187500.0,0.0,0.0,0.0,0.0
-6694.0792434310015,8676.38840393882,187500.0,187500.0,0.0,0.0,0.0,0.0
-6558.694727265207,8662.083287487423,187500.0,187500.0,0.0,0.0,0.0,0.0
-5757.339985053538,8996.174811860898,187500.0,187500.0,0.0,0.0,0.0,0.0
2872.5791421626977,18589.63293905651,187500.0,187500.0,0.0,0.0,0.0,0.0
13762.72902044404,34561.83189890765,176202.13195110942,176117.48589485718,0.0,0.0,0.0,0.0
13512.031854633315,38870.510622323825,154004.39101509942,153923.0306652821,0.0,0.0,0.0,0.0
7095.650684315048,34357.91693424188,137358.4210703875,137278.8488601266,0.0,0.0,0.0,0.0
-1860.5815602042153,24449.58978290436,129983.12771119211,129903.82372186468,0.0,0.0,0.0,0.0
-12722.99292361652,10372.550531929795,132971.60064835558,132890.79909214962,0.0,0.0,0.0,0.0
-28033.423785379386,-11272.968205567386,151866.31254748258,151780.68301447429,0.0,0.0,0.0,0.0
-36383.16379584835,-27548.860317332783,183654.87410484246,183563.65663572034,0.0,0.0,0.0,0.0
-20306.559837646466,-12839.669029673223,187500.0,187500.0,0.0,0.0,0.0,0.0
-15043.931012622239,-6006.226659563382,187500.0,187500.0,0.0,0.0,0.0,0.0
-10926.471463021215,-1585.3868824704746,187500.0,187500.0,0.0,0.0,0.0,0.0
-4949.167960783,6404.020655634482,187500.0,187500.0,0.0,0.0,0.0,0.0
-2042.100076925764,11714.057530648415,187500.0,187500.0,0.0,0.0,0.0,0.0
-2022.7881697163787,13632.08307410277,187500.0,187500.0,0.0,0.0,0.0,0.0
-5515.024723413554,10413.34246556073,187500.0,187500.0,0.0,0.0,0.0,0.0
-6593.027006748558,9010.368169590018,187500.0,187500.0,0.0,0.0,0.0,0.0
-6700.449490600764,8740.850834947925,187500.0,187500.0,0.0,0.0,0.0,0.0
-6677.315435089521,8677.058956272478,187500.0,187500.0,0.0,0.0,0.0,0.0
-6526.329401293922,8672.14157249231,187500.0,187500.0,0.0,0.0,0.0,0.0
-5743.437200002337,8993.760823459725,187500.0,187500.0,0.0,0.0,0.0,0.0
2802.3723128285783,18479.908225525407,187500.0,187500.0,0.0,0.0,0.0,0.0
13762.661965210673,34516.59196813011,176372.38518862549,176287.44855969533,0.0,0.0,0.0,0.0
13532.81897697675,38864.67681702099,154174.80071482668,154093.28390279817,0.0,0.0,0.0,0.0
7149.183112285508,34412.05285931264,137504.3109064473,137424.8281031642,0.0,0.0,0.0,0.0
-1734.6518319430152,24648.140328900856,129941.06172812721,129861.93655275543,0.0,0.0,0.0,0.0
-12671.293338691396,10514.104129565256,132836.23848393423,132755.5263347061,0.0,0.0,0.0,0.0
-27947.928362837836,-11073.434182814859,151598.4939454191,151513.0655781109,0.0,0.0,0.0,0.0
-36472.481366691754,-27534.197572970104,183356.65713031974,183265.506716431,0.0,0.0,0.0,0.0
-20494.24743583768,-13010.995150923152,187500.0,187500.0,0.0,0.0,0.0,0.0
-15041.606431198888,-5978.465792949891,187500.0,187500.0,0.0,0.0,0.0,0.0
-10956.623966291425,-1607.693923436871,187500.0,187500.0,0.0,0.0,0.0,0.0
-4949.369126483099,6395.348178785823,187500.0,187500.0,0.0,0.0,0.0,0.0
-1947.4404391575385,11824.564555235453,187500.0,187500.0,0.0,0.0,0.0,0.0
-2046.6821845391019,13631.926611891582,187500.0,187500.0,0.0,0.0,0.0,0.0
-5545.579558083959,10386.676834425549,187500.0,187500.0,0.0,0.0,0.0,0.0
-6632.991925834647,8988.932846657377,187500.0,187500.0,0.0,0.0,0.0,0.0
-6744.57183415554,8710.765386911082,187500.0,187500.0,0.0,0.0,0.0,0.0
-6704.271638902622,8647.912281502759,187500.0,187500.0,0.0,0.0,0.0,0.0
-6547.563558526464,8650.035697226012,187500.0,187500.0,0.0,0.0,0.0,0.0
-5767.465325291792,8980.05920410862,187500.0,187500.0,0.0,0.0,0.0,0.0
2792.023455145771,18502.282321725168,187500.0,187500.0,0.0,0.0,0.0,0.0
13694.891476022181,34476.42588334392,176386.6232498435,176301.7089726578,0.0,0.0,0.0,0.0
13511.987151144403,38825.89654039103,154282.0667364677,154200.66168316148,0.0,0.0,0.0,0.0
7245.38502042115,34501.10220922258,137552.8141919153,137473.26433339887,0.0,0.0,0.0,0.0
-1664.4897060978064,24708.89237033038,129990.16851069553,129911.15509404601,0.0,0.0,0.0,0.0
-12451.799208140279,10770.948025101188,132736.5273519191,132655.77049920207,0.0,0.0,0.0,0.0
-27784.872387036372,-10832.102397930908,151333.0669800123,151247.5492057263,0.0,0.0,0.0,0.0
-36507.88652990896,-27521.16650595266,183104.88708077517,183013.8484256087,0.0,0.0,0.0,0.0
-20631.84477470455,-13171.03364122315,187500.0,187500.0,0.0,0.0,0.0,0.0
-15067.668565233776,-6002.940953128452,187500.0,187500.0,0.0,0.0,0.0,0.0
-11023.52273744616,-1692.7199593448593,187500.0,187500.0,0.0,0.0,0.0,0.0
-4987.657664735039,6312.53496557891,187500.0,187500.0,0.0,0.0,0.0,0.0
-1956.8281718287674,11748.345106642855,187500.0,187500.0,0.0,0.0,0.0,0.0
-1915.075113186254,13720.372464701231,187500.0,187500.0,0.0,0.0,0.0,0.0
-5481.005368352577,10413.945962661024,187500.0,187500.0,0.0,0.0,0.0,0.0
-6567.344852369411,9017.565431304625,187500.0,187500.0,0.0,0.0,0.0,0.0
-6690.592371295974,8743.421285560285,187500.0,187500.0,0.0,0.0,0.0,0.0
-6676.264903100122,8668.006499768078,187500.0,187500.0,0.0,0.0,0.0,0.0
-6545.10486663638,8661.278624687031,187500.0,187500.0,0.0,0.0,0.0,0.0
-5793.840383749054,8964.837666134557,187500.0,187500.0,0.0,0.0,0.0,0.0
2603.173566242882,18273.154589313817,187500.0,187500.0,0.0,0.0,0.0,0.0
13628.50679498992,34331.47482055126,176662.0414450218,176577.28363004728,0.0,0.0,0.0,0.0
13502.152383584069,38777.72853108985,154500.19741060704,154418.68059857853,0.0,0.0,0.0,0.0
7399.008560062476,34665.275772246816,137630.0841724973,137550.53431398087,0.0,0.0,0.0,0.0
-1617.7745601862146,24795.684194050336,129926.48839074236,129847.31851188166,0.0,0.0,0.0,0.0
-12409.397948908561,10833.689371787235,132635.98920535913,132555.25470438658,0.0,0.0,0.0,0.0
-27709.77052566654,-10724.635210589793,151140.90903293004,151055.68183132194,0.0,0.0,0.0,0.0
-36548.700815284355,-27539.78550908393,182900.45802598694,182809.46407430936,0.0,0.0,0.0,0.0
-20719.664778669452,-13292.783593271208,187500.0,187500.0,0.0,0.0,0.0,0.0
-15026.787224625019,-5980.924484839975,187500.0,187500.0,0.0,0.0,0.0,0.0
-11050.23307207025,-1726.851073128113,187500.0,187500.0,0.0,0.0,0.0,0.0
-4996.911286939537,6308.578706810321,187500.0,187500.0,0.0,0.0,0.0,0.0
-1940.779619309857,11786.432479194698,187500.0,187500.0,0.0,0.0,0.0,0.0
-1929.2684709153739,13731.816557862348,187500.0,187500.0,0.0,0.0,0.0,0.0
-5478.010234595566,10457.196588182043,187500.0,187500.0,0.0,0.0,0.0,0.0
-6577.291378652022,9051.40597240996,187500.0,187500.0,0.0,0.0,0.0,0.0
-6692.380510852398,8767.225893405186,187500.0,187500.0,0.0,0.0,0.0,0.0
-6671.74985072015,8698.002540827101,187500.0,187500.0,0.0,0.0,0.0,0.0
-6526.262346060556,8705.803299642002,187500.0,187500.0,0.0,0.0,0.0,0.0
-5781.077537665074,9008.960009689334,187500.0,187500.0,0.0,0.0,0.0,0.0
2542.8015044690974,18238.79995808601,187500.0,187500.0,0.0,0.0,0.0,0.0
13640.643792229152,34358.09574819753,176805.04790604688,176720.33479456126,0.0,0.0,0.0,0.0
13581.92575954506,38886.31330565373,154611.01735961644,154529.54525107687,0.0,0.0,0.0,0.0
7514.723541107601,34835.66312022962,137662.40479497967,137582.89963995214,0.0,0.0,0.0,0.0
-1521.6844107728496,24973.917004336956,129883.908317555,129804.6937352054,0.0,0.0,0.0,0.0
-12374.819800236202,10971.398469376383,132553.0865851744,132472.2179737351,0.0,0.0,0.0,0.0
-27612.473382052587,-10508.31502775133,150960.64221389798,150875.2585500787,0.0,0.0,0.0,0.0
-36209.02135479705,-26959.601278257524,182224.22834923607,182133.34615628078,0.0,0.0,0.0,0.0
-21362.769170137548,-13907.031882647501,187500.0,187500.0,0.0,0.0,0.0,0.0
-15420.96023809436,-6467.007871509537,187500.0,187500.0,0.0,0.0,0.0,0.0
-11290.04493833124,-2086.289475713906,187500.0,187500.0,0.0,0.0,0.0,0.0
-5086.273561271854,6135.375039026147,187500.0,187500.0,0.0,0.0,0.0,0.0
-2008.0807218647865,11658.78166661044,187500.0,187500.0,0.0,0.0,0.0,0.0
-1609.9290978824017,14087.49986737965,187500.0,187500.0,0.0,0.0,0.0,0.0
-5235.8290834223135,10860.444409900238,187500.0,187500.0,0.0,0.0,0.0,0.0
-6565.512009324076,9183.415375163004,187500.0,187500.0,0.0,0.0,0.0,0.0
-6709.680761060806,8849.122685089433,187500.0,187500.0,0.0,0.0,0.0,0.0
-6699.75658652265,8757.033497933568,187500.0,187500.0,0.0,0.0,0.0,0.0
-6563.075669178447,8738.705067480216,187500.0,187500.0,0.0,0.0,0.0,0.0
-5832.039515023174,9012.178660890897,187500.0,187500.0,0.0,0.0,0.0,0.0
2407.6405057478555,18131.243363767073,187500.0,187500.0,0.0,0.0,0.0,0.0
13574.326166430255,34311.22414007475,176980.6208587433,176895.9077472577,0.0,0.0,0.0,0.0
13559.976346489948,38906.027544263314,154785.04804194547,154703.77709910597,0.0,0.0,0.0,0.0
7518.210413242628,34890.26843193393,137804.36072401534,137724.78851375444,0.0,0.0,0.0,0.0
-1480.4007387638974,25065.894432770543,129959.05488241374,129879.81794831967,0.0,0.0,0.0,0.0
-12323.38843624454,11083.470116075292,132526.8232854394,132445.95467400012,0.0,0.0,0.0,0.0
-27624.856248480828,-10446.423047354585,150855.4102010024,150769.87007497193,0.0,0.0,0.0,0.0
-36676.195165657424,-27491.05870617136,182548.86508570495,182457.49115437164,0.0,0.0,0.0,0.0
-21028.029445174867,-13537.043456678803,187500.0,187500.0,0.0,0.0,0.0,0.0
-15127.504185140633,-6006.13725258556,187500.0,187500.0,0.0,0.0,0.0,0.0
-11199.252152353782,-1845.1588565300533,187500.0,187500.0,0.0,0.0,0.0,0.0
-5106.837166170736,6210.856880051718,187500.0,187500.0,0.0,0.0,0.0,0.0
-2063.557751602859,11676.350137752312,187500.0,187500.0,0.0,0.0,0.0,0.0
-1808.3231816677073,13886.580036470896,187500.0,187500.0,0.0,0.0,0.0,0.0
-5335.719029393081,10703.423405101707,187500.0,187500.0,0.0,0.0,0.0,0.0
-6563.008613945081,9154.827494004667,187500.0,187500.0,0.0,0.0,0.0,0.0
-6695.710920776239,8828.067341812533,187500.0,187500.0,0.0,0.0,0.0,0.0
-6679.1706298793115,8746.103494894922,187500.0,187500.0,0.0,0.0,0.0,0.0
-6554.850227218893,8742.661326248804,187500.0,187500.0,0.0,0.0,0.0,0.0
-5841.159026760939,9014.9279254589,187500.0,187500.0,0.0,0.0,0.0,0.0
2355.8068103559986,18058.711953009602,187500.0,187500.0,0.0,0.0,0.0,0.0
13560.021049978859,34232.21072342524,177098.6604212118,177013.61203355933,0.0,0.0,0.0,0.0
13600.03067255386,38882.78173002979,154891.39764206382,154809.8361265464,0.0,0.0,0.0,0.0
7623.6882953272225,34967.42665379366,137849.1983233927,137769.78257534298,0.0,0.0,0.0,0.0
-1474.6116369499728,25082.613537623114,129952.9752079219,129873.64886685001,0.0,0.0,0.0,0.0
-12253.114551677056,11189.864419682553,132472.8214708354,132392.15402509618,0.0,0.0,0.0,0.0
-27532.07415724685,-10300.309693850242,150682.5641611295,150597.20284905468,0.0,0.0,0.0,0.0
-36704.89480553804,-27464.326019802815,182338.84809480287,182247.7200326586,0.0,0.0,0.0,0.0
-21138.13413836171,-13647.058742887824,187500.0,187500.0,0.0,0.0,0.0,0.0
-15108.594609331443,-5958.952720040407,187500.0,187500.0,0.0,0.0,0.0,0.0
-11261.457057172902,-1884.520278515849,187500.0,187500.0,0.0,0.0,0.0,0.0
-5152.680594048571,6159.537274782333,187500.0,187500.0,0.0,0.0,0.0,0.0
-2090.804528093878,11619.39789288019,187500.0,187500.0,0.0,0.0,0.0,0.0
-1823.745885341869,13827.25850668651,187500.0,187500.0,0.0,0.0,0.0,0.0
-5337.328354993863,10658.33993653535,187500.0,187500.0,0.0,0.0,0.0,0.0
-6558.180637142735,9123.155072111496,187500.0,187500.0,0.0,0.0,0.0,0.0
-6694.66038878684,8815.952696317756,187500.0,187500.0,0.0,0.0,0.0,0.0
-6665.603120994941,8733.430055788762,187500.0,187500.0,0.0,0.0,0.0,0.0
-6549.10582889388,8709.692503177226,187500.0,187500.0,0.0,0.0,0.0,0.0
-5867.377623007014,8950.644308405437,187500.0,187500.0,0.0,0.0,0.0,0.0
2267.092736612885,17923.30508509935,187500.0,187500.0,0.0,0.0,0.0,0.0
13514.490546523399,34142.08848978144,177225.3948122734,177140.52523857658,0.0,0.0,0.0,0.0
13599.963617320493,38853.54564828225,155027.87739370792,154946.4276369128,0.0,0.0,0.0,0.0
7686.9660838801965,35003.92705248917,137962.52166778108,137882.92710577574,0.0,0.0,0.0,0.0
-1372.4418130447643,25168.243070631393,129988.7827025393,129909.63517542306,0.0,0.0,0.0,0.0
-12145.915585269402,11277.416202713992,132438.53389484095,132357.7546903795,0.0,0.0,0.0,0.0
-27415.509809912422,-10186.673425039462,150555.22627296761,150470.17788531518,0.0,0.0,0.0,0.0
-36655.31863633617,-27432.94417058756,182152.05456638988,182061.1723734346,0.0,0.0,0.0,0.0
-21182.27883366094,-13779.314014829877,187500.0,187500.0,0.0,0.0,0.0,0.0
-15057.587928484432,-5980.276284250771,187500.0,187500.0,0.0,0.0,0.0,0.0
-11276.455077702412,-1960.8514858307226,187500.0,187500.0,0.0,0.0,0.0,0.0
-5174.317082681308,6081.01559651084,187500.0,187500.0,0.0,0.0,0.0,0.0
-2106.897784101699,11546.374743744702,187500.0,187500.0,0.0,0.0,0.0,0.0
-1804.9257165105007,13795.58608479334,187500.0,187500.0,0.0,0.0,0.0,0.0
-5331.248680502019,10631.696657144626,187500.0,187500.0,0.0,0.0,0.0,0.0
-6580.040643220025,9071.969577308844,187500.0,187500.0,0.0,0.0,0.0,0.0
-6698.750758022161,8785.107288969433,187500.0,187500.0,0.0,0.0,0.0,0.0
-6670.1852286082785,8717.672075947772,187500.0,187500.0,0.0,0.0,0.0,0.0
-6536.790017699006,8717.985000370145,187500.0,187500.0,0.0,0.0,0.0,0.0
-5836.129884258496,8974.471267994793,187500.0,187500.0,0.0,0.0,0.0,0.0
2239.6000909328573,17869.884415851167,187500.0,187500.0,0.0,0.0,0.0,0.0
13514.267029078846,34101.18479742823,177353.9620463803,177268.86895523896,0.0,0.0,0.0,0.0
13631.636039213663,38856.0713954057,155158.94802319384,155077.27474895417,0.0,0.0,0.0,0.0
7712.312962092515,35023.194256209645,138085.81389019656,138006.10756946894,0.0,0.0,0.0,0.0
-1276.8881054983265,25280.04649639684,130063.37047378666,129984.04413271477,0.0,0.0,0.0,0.0
-12030.580583880019,11453.346783321713,132365.82367012784,132284.84329996625,0.0,0.0,0.0,0.0
-27318.346776765204,-10001.668036182886,150367.2928055874,150282.0209004904,0.0,0.0,0.0,0.0
-36734.84614310815,-27423.109403027225,181951.3359011812,181860.38665299257,0.0,0.0,0.0,0.0
-21336.394111680285,-13893.486725507586,187500.0,187500.0,0.0,0.0,0.0,0.0
-15085.102925908915,-5956.985766528341,187500.0,187500.0,0.0,0.0,0.0,0.0
-11334.882537708585,-1996.0778350922867,187500.0,187500.0,0.0,0.0,0.0,0.0
-5173.288902436364,6075.494715630379,187500.0,187500.0,0.0,0.0,0.0,0.0
-2080.0309872664197,11572.369822546223,187500.0,187500.0,0.0,0.0,0.0,0.0
-1762.2785880897748,13851.241928487056,187500.0,187500.0,0.0,0.0,0.0,0.0
-5277.403328109184,10707.580829570394,187500.0,187500.0,0.0,0.0,0.0,0.0
-6534.286622320012,9135.13560713954,187500.0,187500.0,0.0,0.0,0.0,0.0
-6681.361100835932,8817.718484129726,187500.0,187500.0,0.0,0.0,0.0,0.0
-6657.087106357469,8757.1676084003,187500.0,187500.0,0.0,0.0,0.0,0.0
-6523.378971025822,8752.674907764782,187500.0,187500.0,0.0,0.0,0.0,0.0
-5848.088067542085,8984.797773933145,187500.0,187500.0,0.0,0.0,0.0,0.0
2171.2708081329833,17815.994359969423,187500.0,187500.0,0.0,0.0,0.0,0.0
13463.372106954112,34060.124642863826,177466.10074831257,177380.96295368232,0.0,0.0,0.0,0.0
13612.12296630418,38850.63992150306,155286.8447049671,155205.21613421635,0.0,0.0,0.0,0.0
7742.957203740741,35091.54589075397,138165.83313534656,138086.14916636338,0.0,0.0,0.0,0.0
-1301.9220592882705,25316.502191603446,130101.56960506078,130022.33267096672,0.0,0.0,0.0,0.0
-11936.815015890004,11626.662209828164,132318.34856490477,132237.56936044327,0.0,0.0,0.0,0.0
-27276.079628000218,-9880.275712046112,150198.31361750528,150112.84054670818,0.0,0.0,0.0,0.0
-36749.59829444865,-27399.37185041569,181774.5112507953,181683.56200260663,0.0,0.0,0.0,0.0
-21398.800182199502,-13973.617729379861,187500.0,187500.0,0.0,0.0,0.0,0.0
-14206.679368815348,-4900.910544503992,187500.0,187500.0,0.0,0.0,0.0,0.0
-11018.650057154902,-1266.4945443266088,187500.0,187500.0,0.0,0.0,0.0,0.0
-5981.237409262349,5259.723098245036,187500.0,187500.0,0.0,0.0,0.0,0.0
-2338.79713282551,11218.36289386307,187500.0,187500.0,0.0,0.0,0.0,0.0
-1826.852777821157,13713.532830897908,187500.0,187500.0,0.0,0.0,0.0,0.0
-5249.307185328864,10683.686814747669,187500.0,187500.0,0.0,0.0,0.0,0.0
-6496.7356916350955,9141.058819420197,187500.0,187500.0,0.0,0.0,0.0,0.0
-6656.461257512719,8837.767998906136,187500.0,187500.0,0.0,0.0,0.0,0.0
-6652.996737122147,8763.850779992435,187500.0,187500.0,0.0,0.0,0.0,0.0
-6519.310953534956,8764.58838755946,187500.0,187500.0,0.0,0.0,0.0,0.0
-5852.536064688691,9013.139785902475,187500.0,187500.0,0.0,0.0,0.0,0.0
2081.7520715894784,17755.66700168455,187500.0,187500.0,0.0,0.0,0.0,0.0
13427.56461233671,34042.42206125522,177605.03919184676,177520.08021117214,0.0,0.0,0.0,0.0
13606.199754023524,38873.90808748103,155414.76373848485,155333.13516773406,0.0,0.0,0.0,0.0
7750.15446545535,35122.883036480314,138294.66859038695,138215.23049059277,0.0,0.0,0.0,0.0
-1185.134194509291,25477.6135656373,130121.70852681501,130042.51629620985,0.0,0.0,0.0,0.0
-11942.402952003831,11659.765143366474,132322.37187890674,132241.59267444524,0.0,0.0,0.0,0.0
-27175.787350629253,-9703.853393060373,150142.0319249668,150056.84942684765,0.0,0.0,0.0,0.0
-36732.543913429254,-27280.125293746627,181643.23945560926,181552.29020742062,0.0,0.0,0.0,0.0
-21489.570616432502,-14019.595267724428,187500.0,187500.0,0.0,0.0,0.0,0.0
-15035.102073562393,-5892.88096343052,187500.0,187500.0,0.0,0.0,0.0,0.0
-11347.310107625737,-2025.4927307954706,187500.0,187500.0,0.0,0.0,0.0,0.0
-5164.325852909787,6074.265369685337,187500.0,187500.0,0.0,0.0,0.0,0.0
-2034.1652076441299,11619.800224280385,187500.0,187500.0,0.0,0.0,0.0,0.0
-1648.7987814901808,13975.964662547669,187500.0,187500.0,0.0,0.0,0.0,0.0
-5154.446381860541,10871.419116427795,187500.0,187500.0,0.0,0.0,0.0,0.0
-6473.981615779593,9236.50076824436,187500.0,187500.0,0.0,0.0,0.0,0.0
-6626.666382153796,8911.305238164095,187500.0,187500.0,0.0,0.0,0.0,0.0
-6602.437091164243,8839.109103573455,187500.0,187500.0,0.0,0.0,0.0,0.0
-6470.338281433378,8843.445341997784,187500.0,187500.0,0.0,0.0,0.0,0.0
-5819.5225381282025,9068.058022029165,187500.0,187500.0,0.0,0.0,0.0,0.0
2054.3488328872722,17710.717643584925,187500.0,187500.0,0.0,0.0,0.0,0.0
13475.687918148986,34053.24030557159,177765.6588275026,177680.76690206135,0.0,0.0,0.0,0.0
13721.71356936855,38974.91562067457,155548.89655696115,155467.17857923254,0.0,0.0,0.0,0.0
7865.198894166815,35238.799183225536,138404.59446961814,138324.8434454016,0.0,0.0,0.0,0.0
-1035.5786723588315,25655.13112010135,130144.2167334815,130064.8009854318,0.0,0.0,0.0,0.0
-11810.572363206431,11829.77251169354,132273.35450331622,132192.3517814102,0.0,0.0,0.0,0.0
-27027.14825000146,-9526.179376385138,149977.67954798695,149892.40764288994,0.0,0.0,0.0,0.0
-36712.94143354195,-27256.79007253529,181444.3759851904,181353.44908874622,0.0,0.0,0.0,0.0
-21559.285707388604,-14133.924440613324,187500.0,187500.0,0.0,0.0,0.0,0.0
-14955.015773179028,-5839.102666271051,187500.0,187500.0,0.0,0.0,0.0,0.0
-11328.825214961198,-2025.2021581175518,187500.0,187500.0,0.0,0.0,0.0,0.0
-5147.472637590485,6061.256654412348,187500.0,187500.0,0.0,0.0,0.0,0.0
-2009.220660832007,11604.10929967276,187500.0,187500.0,0.0,0.0,0.0,0.0
-1624.8600631785469,13974.824723580448,187500.0,187500.0,0.0,0.0,0.0,0.0
-5137.123779907677,10877.945825808743,187500.0,187500.0,0.0,0.0,0.0,0.0
-6468.728955832596,9251.476437029414,187500.0,187500.0,0.0,0.0,0.0,0.0
-6622.4642541961975,8941.10011352302,187500.0,187500.0,0.0,0.0,0.0,0.0
-6609.2543732231115,8845.836978654503,187500.0,187500.0,0.0,0.0,0.0,0.0
-6498.859107358349,8816.690303884781,187500.0,187500.0,0.0,0.0,0.0,0.0
-5868.137582318495,9027.780178520701,187500.0,187500.0,0.0,0.0,0.0,0.0
1954.972977038977,17618.941380851436,187500.0,187500.0,0.0,0.0,0.0,0.0
13430.336228649168,34001.51836890201,177872.47781425453,177787.34001962424,0.0,0.0,0.0,0.0
13737.292735253899,38982.69402774501,155645.61255521924,155563.8722257462,0.0,0.0,0.0,0.0
7894.770252081186,35256.85939274543,138471.35913030614,138391.8092717897,0.0,0.0,0.0,0.0
-983.923790922617,25703.41088812481,130165.13796629167,130086.10219789771,0.0,0.0,0.0,0.0
-11761.018545749015,11895.799564814517,132236.3623662427,132155.6949205035,0.0,0.0,0.0,0.0
-26957.455510789816,-9411.470223840503,149843.05499113264,149757.76073429117,0.0,0.0,0.0,0.0
-36757.89079164157,-27250.688046298987,181279.62127681033,181188.73908385506,0.0,0.0,0.0,0.0
-21697.15126718894,-14278.719041194803,187500.0,187500.0,0.0,0.0,0.0,0.0
-15013.644398885299,-5888.969408150841,187500.0,187500.0,0.0,0.0,0.0,0.0
-11418.858041627174,-2117.581917951336,187500.0,187500.0,0.0,0.0,0.0,0.0
-5209.856356365247,5983.383176730058,187500.0,187500.0,0.0,0.0,0.0,0.0
-2038.7920187463785,11554.689592682076,187500.0,187500.0,0.0,0.0,0.0,0.0
-1624.949470156368,13942.146473186789,187500.0,187500.0,0.0,0.0,0.0,0.0
-5089.916895618069,10884.137259022864,187500.0,187500.0,0.0,0.0,0.0,0.0
-6406.814623691395,9246.559053249246,187500.0,187500.0,0.0,0.0,0.0,0.0
-6558.471209820654,8929.901889550913,187500.0,187500.0,0.0,0.0,0.0,0.0
-6558.292395865011,8846.552234477072,187500.0,187500.0,0.0,0.0,0.0,0.0
-6446.153693932735,8840.383153007408,187500.0,187500.0,0.0,0.0,0.0,0.0
-5822.271802696205,9042.577033350115,187500.0,187500.0,0.0,0.0,0.0,0.0
1932.3753633946615,17525.287571583696,187500.0,187500.0,0.0,0.0,0.0,0.0
13471.23992100238,33966.58259231837,177967.62919040077,177882.35728530376,0.0,0.0,0.0,0.0
13784.320805587866,38978.49189978742,155714.6570938417,155632.91676436862,0.0,0.0,0.0,0.0
7965.848799449062,35306.74848636967,138478.7352059764,138399.18534745998,0.0,0.0,0.0,0.0
-887.2748478978691,25801.982081172715,130086.52688104236,130007.20053997046,0.0,0.0,0.0,0.0
-11725.591030787353,11922.822823860983,132138.4840772729,132057.74957630035,0.0,0.0,0.0,0.0
-26802.11088682543,-9224.430826238493,149596.78347072404,149511.6903795827,0.0,0.0,0.0,0.0
-36830.2433884434,-27306.992090581905,181032.32157615683,180941.48408669044,0.0,0.0,0.0,0.0
-21822.432794860935,-14458.024735215276,187500.0,187500.0,0.0,0.0,0.0,0.0
-14989.437459640201,-5906.157899636973,187500.0,187500.0,0.0,0.0,0.0,0.0
-11429.184547565526,-2164.989967941042,187500.0,187500.0,0.0,0.0,0.0,0.0
-5207.442367964073,5941.808932043187,187500.0,187500.0,0.0,0.0,0.0,0.0
-2025.6044895177472,11536.808197117829,187500.0,187500.0,0.0,0.0,0.0,0.0
-1586.6832836488825,13979.473886427151,187500.0,187500.0,0.0,0.0,0.0,0.0
-5085.938285105024,10919.385960028883,187500.0,187500.0,0.0,0.0,0.0,0.0
-6458.894188272261,9248.347192805672,187500.0,187500.0,0.0,0.0,0.0,0.0
-6628.7450943881395,8922.771683069668,187500.0,187500.0,0.0,0.0,0.0,0.0
-6615.311695970499,8844.071190842533,187500.0,187500.0,0.0,0.0,0.0,0.0
-6500.669598659229,8834.45994072675,187500.0,187500.0,0.0,0.0,0.0,0.0
-5882.934437147908,9035.31271640214,187500.0,187500.0,0.0,0.0,0.0,0.0
1831.6360511345927,17454.611355616016,187500.0,187500.0,0.0,0.0,0.0,0.0
13494.441031746988,34000.95957529063,178063.31700841393,177978.17921378365,0.0,0.0,0.0,0.0
13882.020280602013,39118.81615147783,155735.26540222947,155653.61447973424,0.0,0.0,0.0,0.0
8025.68441935592,35402.14573170492,138489.08406365922,138409.33303944266,0.0,0.0,0.0,0.0
-858.9104841840845,25845.05389273809,130130.89509378614,130051.5464009698,0.0,0.0,0.0,0.0
-11548.699325168052,12150.430637649375,132056.94491349996,131976.41157822747,0.0,0.0,0.0,0.0
-26762.347133439438,-9131.626383260058,149470.67492850721,149385.67124434368,0.0,0.0,0.0,0.0
-36811.33381263421,-27226.5258105428,180875.9487719475,180785.13363422558,0.0,0.0,0.0,0.0
-21911.236275581872,-14522.665980180023,187500.0,187500.0,0.0,0.0,0.0,0.0
-14966.884549484796,-5854.458314711847,187500.0,187500.0,0.0,0.0,0.0,0.0
-11445.098989617705,-2163.0677179178856,187500.0,187500.0,0.0,0.0,0.0,0.0
-5209.297562753864,5947.687440834933,187500.0,187500.0,0.0,0.0,0.0,0.0
-1410.3727233854204,12264.938624493912,187500.0,187500.0,0.0,0.0,0.0,0.0
-1537.5988528250282,14274.561616726116,187500.0,187500.0,0.0,0.0,0.0,0.0
-5580.492982923149,10339.67111583604,187500.0,187500.0,0.0,0.0,0.0,0.0
-6474.987444280082,9194.524192157292,187500.0,187500.0,0.0,0.0,0.0,0.0
-6610.774291846072,8942.910604823901,187500.0,187500.0,0.0,0.0,0.0,0.0
-6605.655742365807,8875.006005168678,187500.0,187500.0,0.0,0.0,0.0,0.0
-6487.303255474956,8868.032260898623,187500.0,187500.0,0.0,0.0,0.0,0.0
-5868.942245118886,9039.06780947063,187500.0,187500.0,0.0,0.0,0.0,0.0
1788.7654052693135,17369.160636563378,187500.0,187500.0,0.0,0.0,0.0,0.0
13523.67711349453,33999.037325267476,178160.7929659835,178075.72222658663,0.0,0.0,0.0,0.0
13912.083376894401,39129.45558183856,155832.31667665442,155750.44223671465,0.0,0.0,0.0,0.0
8087.419937541478,35468.932744137375,138562.80011687282,138482.98203742292,0.0,0.0,0.0,0.0
-757.9029509905519,25982.33830718259,130144.55200964834,130065.38213078764,0.0,0.0,0.0,0.0
-11475.877341732663,12270.683022818926,131994.158863325,131913.3796588635,0.0,0.0,0.0,0.0
-26679.288051043517,-8996.73360547228,149357.86567424127,149272.75023135546,0.0,0.0,0.0,0.0
-36824.72250756294,-27193.735801426865,180730.84124694363,180640.1825714329,0.0,0.0,0.0,0.0
-21992.73073586592,-14606.105042231686,187500.0,187500.0,0.0,0.0,0.0,0.0
-14954.948717945663,-5833.179453990395,187500.0,187500.0,0.0,0.0,0.0,0.0
-11480.057117945806,-2188.928686252676,187500.0,187500.0,0.0,0.0,0.0,0.0
-5233.593908976783,5920.93240272193,187500.0,187500.0,0.0,0.0,0.0,0.0
-2026.8114837183339,11538.328115740791,187500.0,187500.0,0.0,0.0,0.0,0.0
-1526.1100561750004,14035.621468498883,187500.0,187500.0,0.0,0.0,0.0,0.0
-4985.109565867134,11042.56642372208,187500.0,187500.0,0.0,0.0,0.0,0.0
-6400.176155588169,9312.74256858141,187500.0,187500.0,0.0,0.0,0.0,0.0
-6555.520779552553,8970.023270848187,187500.0,187500.0,0.0,0.0,0.0,0.0
-6543.316727079956,8880.079851160031,187500.0,187500.0,0.0,0.0,0.0,0.0
-6430.015734436004,8866.445287042296,187500.0,187500.0,0.0,0.0,0.0,0.0
-5837.3145267146265,9033.435169867895,187500.0,187500.0,0.0,0.0,0.0,0.0
1740.7315064348588,17275.28330985109,187500.0,187500.0,0.0,0.0,0.0,0.0
13556.10949469918,33942.44270830664,178259.81119392053,178174.74045452362,0.0,0.0,0.0,0.0
14081.777820799092,39236.72160347958,155810.92605721072,155729.2080794821,0.0,0.0,0.0,0.0
8139.499502122343,35466.74227318076,138486.4912613024,138406.65083010803,0.0,0.0,0.0,0.0
-674.6650546389884,26004.37712721552,130062.78932843082,129983.44063561448,0.0,0.0,0.0,0.0
-11358.10600019765,12368.360146088618,131803.05144823212,131722.40635423738,0.0,0.0,0.0,0.0
-26631.52237314253,-8964.412982989907,149111.0353602213,149026.00932431335,0.0,0.0,0.0,0.0
-36867.66020866158,-27267.787130807297,180493.13044466145,180402.3823621729,0.0,0.0,0.0,0.0
-22132.2726765004,-14841.446559601613,187500.0,187500.0,0.0,0.0,0.0,0.0
-14956.222767379615,-5902.4698618018465,187500.0,187500.0,0.0,0.0,0.0,0.0
-11490.674196562077,-2277.0616146399516,187500.0,187500.0,0.0,0.0,0.0,0.0
-5222.574498960316,5847.953957075353,187500.0,187500.0,0.0,0.0,0.0,0.0
-2005.0855881077753,11479.923007479074,187500.0,187500.0,0.0,0.0,0.0,0.0
-1500.6961227293161,13983.497200429107,187500.0,187500.0,0.0,0.0,0.0,0.0
-4952.945405595948,10976.695832812291,187500.0,187500.0,0.0,0.0,0.0,0.0
-6352.522236409454,9257.69022198799,187500.0,187500.0,0.0,0.0,0.0,0.0
-6519.646229701785,8929.924241295366,187500.0,187500.0,0.0,0.0,0.0,0.0
-6528.296354805989,8846.015792610144,187500.0,187500.0,0.0,0.0,0.0,0.0
-6412.246097594035,8844.94290887629,187500.0,187500.0,0.0,0.0,0.0,0.0
-5814.403988647937,9018.392445849473,187500.0,187500.0,0.0,0.0,0.0,0.0
1682.0358254952223,17167.79377076552,187500.0,187500.0,0.0,0.0,0.0,0.0
13537.82576773474,33878.96375405356,178437.0158239622,178351.90038107638,0.0,0.0,0.0,0.0
14066.936262480767,39184.08324528733,156028.073254594,155946.35527686542,0.0,0.0,0.0,0.0
8237.847177725695,35552.28239921122,138649.2790161704,138569.68445416505,0.0,0.0,0.0,0.0
-610.5155480522571,26086.497436344318,130143.34501544775,130064.1974883315,0.0,0.0,0.0,0.0
-11260.22771122786,12496.994435428911,131822.9668525418,131742.43351726932,0.0,0.0,0.0,0.0
-26441.398434805684,-8671.33690969192,148916.08344508213,148830.9680021963,0.0,0.0,0.0,0.0
-36925.68533726756,-27231.353787345146,180286.04153228304,180195.31580153893,0.0,0.0,0.0,0.0
-22276.59789044832,-14957.094485413372,187500.0,187500.0,0.0,0.0,0.0,0.0
-14963.375325605313,-5884.834335426609,187500.0,187500.0,0.0,0.0,0.0,0.0
-11559.316403784323,-2323.396780895803,187500.0,187500.0,0.0,0.0,0.0,0.0
-5284.310017145875,5796.857869250521,187500.0,187500.0,0.0,0.0,0.0,0.0
-2029.2478238639624,11462.153370637105,187500.0,187500.0,0.0,0.0,0.0,0.0
-1492.4036255363972,14003.0549768275,187500.0,187500.0,0.0,0.0,0.0,0.0
-4907.325495162666,11058.86084543,187500.0,187500.0,0.0,0.0,0.0,0.0
-6315.7089132915635,9347.052496320308,187500.0,187500.0,0.0,0.0,0.0,0.0
-6477.021453025514,9023.153367418452,187500.0,187500.0,0.0,0.0,0.0,0.0
-6482.430575183699,8943.178825757364,187500.0,187500.0,0.0,0.0,0.0,0.0
-6379.232571033546,8933.05348551911,187500.0,187500.0,0.0,0.0,0.0,0.0
-5801.797604775144,9096.064757831664,187500.0,187500.0,0.0,0.0,0.0,0.0
1676.7831655482253,17223.673131903786,187500.0,187500.0,0.0,0.0,0.0,0.0
13474.391516970578,33850.13000370622,178516.96801387882,178431.85257099304,0.0,0.0,0.0,0.0
14082.917759766313,39234.531132522956,156142.93886934983,156061.01972592113,0.0,0.0,0.0,0.0
8320.839204888249,35692.42783694599,138710.29927853338,138630.57060606132,0.0,0.0,0.0,0.0
-497.750997275233,26265.44550245351,130142.40624218063,130063.21401157547,0.0,0.0,0.0,0.0
-11081.614921285502,12793.311511672917,131642.87884746538,131562.16669823727,0.0,0.0,0.0,0.0
-26427.920332899135,-8568.228312519588,148732.53091961515,148647.6389941739,0.0,0.0,0.0,0.0
-36915.157665629114,-27141.544478123724,180056.51146847146,179965.89749644967,0.0,0.0,0.0,0.0
-22412.67531069223,-15074.664661248287,187500.0,187500.0,0.0,0.0,0.0,0.0
-14960.044915681472,-5859.576864192112,187500.0,187500.0,0.0,0.0,0.0,0.0
-11574.314424313836,-2315.596022080901,187500.0,187500.0,0.0,0.0,0.0,0.0
-5270.0496041833885,5848.021012308719,187500.0,187500.0,0.0,0.0,0.0,0.0
-1993.3062187798284,11539.937441341574,187500.0,187500.0,0.0,0.0,0.0,0.0
-1421.8391682909928,14111.84091709148,187500.0,187500.0,0.0,0.0,0.0,0.0
-4858.553988761186,11173.54764623018,187500.0,187500.0,0.0,0.0,0.0,0.0
-6317.228831914525,9415.426482609091,187500.0,187500.0,0.0,0.0,0.0,0.0
-6482.944665306171,9081.066737302153,187500.0,187500.0,0.0,0.0,0.0,0.0
-6482.050595527959,8994.766651960213,187500.0,187500.0,0.0,0.0,0.0,0.0
-6379.321978011368,8991.749166458747,187500.0,187500.0,0.0,0.0,0.0,0.0
-5824.976363775297,9136.968450184877,187500.0,187500.0,0.0,0.0,0.0,0.0
1486.1674888333666,17042.020504715503,187500.0,187500.0,0.0,0.0,0.0,0.0
13492.474078234922,33859.36127416626,178777.32113329426,178692.16098691954,0.0,0.0,0.0,0.0
14174.962243433267,39362.02548289603,156300.5857229931,156218.64422781995,0.0,0.0,0.0,0.0
8393.929409257104,35828.974643823465,138806.03180003547,138726.21372058557,0.0,0.0,0.0,0.0
-462.4575927803031,26375.907823551635,130174.54805070735,130095.31111661329,0.0,0.0,0.0,0.0
-11036.41969399687,12905.874896749843,131625.24332109015,131544.50882011757,0.0,0.0,0.0,0.0
-26273.402723479598,-8299.001550555415,148510.53339368504,148425.66381998823,0.0,0.0,0.0,0.0
-36980.715332116524,-27107.212198640373,179791.48683446491,179700.89521418753,0.0,0.0,0.0,0.0
-22581.006298185148,-15236.647753315898,187500.0,187500.0,0.0,0.0,0.0,0.0
-14951.90888069974,-5854.838294367587,187500.0,187500.0,0.0,0.0,0.0,0.0
-11592.86637221174,-2345.3908974398255,187500.0,187500.0,0.0,0.0,0.0,0.0
-5272.016557695456,5816.1250729709955,187500.0,187500.0,0.0,0.0,0.0,0.0
-1969.680424890569,11533.90247033864,187500.0,187500.0,0.0,0.0,0.0,0.0
-1406.5282233391076,14129.364684744442,187500.0,187500.0,0.0,0.0,0.0,0.0
-4849.5909392346075,11195.139431374006,187500.0,187500.0,0.0,0.0,0.0,0.0
-6319.978096482528,9404.541183059357,187500.0,187500.0,0.0,0.0,0.0,0.0
-6487.839697341883,9069.51088541876,187500.0,187500.0,0.0,0.0,0.0,0.0
-6471.969958778615,9014.9279254589,187500.0,187500.0,0.0,0.0,0.0,0.0
-6380.841896634329,8990.005730391233,187500.0,187500.0,0.0,0.0,0.0,0.0
-5836.979250547797,9125.680819234947,187500.0,187500.0,0.0,0.0,0.0,0.0
1366.6527112308397,16902.791488503397,187500.0,187500.0,0.0,0.0,0.0,0.0
13445.624821856598,33774.96108710302,179013.4673134646,178928.19540836758,0.0,0.0,0.0,0.0
14246.510177434706,39416.47433238916,156511.72030111795,156430.06937862272,0.0,0.0,0.0,0.0
8492.701768005105,35929.31162468334,138945.3949267143,138865.6662542422,0.0,0.0,0.0,0.0
-383.9359145088094,26472.087379942823,130270.41468267617,130191.20010032656,0.0,0.0,0.0,0.0
-10850.676697573268,13143.518643798667,131576.8070908555,131496.27375558304,0.0,0.0,0.0,0.0
-26248.636990623116,-8248.687773786518,148437.8455207164,148352.95359527512,0.0,0.0,0.0,0.0
-36925.66298552311,-27040.089910041086,179696.53662401874,179605.7885415302,0.0,0.0,0.0,0.0
-22633.354083699476,-15300.014948846692,187500.0,187500.0,0.0,0.0,0.0,0.0
-14969.142075674783,-5860.605044437057,187500.0,187500.0,0.0,0.0,0.0,0.0
-11651.718515362563,-2390.7202351951883,187500.0,187500.0,0.0,0.0,0.0,0.0
-5318.19526174012,5775.891932951443,187500.0,187500.0,0.0,0.0,0.0,0.0
-2006.225527074996,11501.492440878445,187500.0,187500.0,0.0,0.0,0.0,0.0
-1381.0025311711468,14171.050688153588,187500.0,187500.0,0.0,0.0,0.0,0.0
-4818.522014441731,11260.115952505583,187500.0,187500.0,0.0,0.0,0.0,0.0
-6307.863450987751,9462.163980265139,187500.0,187500.0,0.0,0.0,0.0,0.0
-6477.177915236702,9124.518528523271,187500.0,187500.0,0.0,0.0,0.0,0.0
-6474.205133224146,9034.709219301847,187500.0,187500.0,0.0,0.0,0.0,0.0
-6368.280216250446,9022.795739507168,187500.0,187500.0,0.0,0.0,0.0,0.0
-5830.609003378035,9141.662316520491,187500.0,187500.0,0.0,0.0,0.0,0.0
1317.4118181957983,16840.228955772993,187500.0,187500.0,0.0,0.0,0.0,0.0
13448.03881025777,33744.47330766598,179104.93065177568,179019.92696761215,0.0,0.0,0.0,0.0
14289.380823299984,39436.25562623211,156578.39555482814,156496.63287361062,0.0,0.0,0.0,0.0
8590.46829825262,36032.129649177754,138932.20739748568,138852.59048373587,0.0,0.0,0.0,0.0
-347.9272541913097,26528.90551434821,130195.96102189553,130116.92525350157,0.0,0.0,0.0,0.0
-10759.503931940071,13263.189883612382,131462.09793831085,131381.63165827177,0.0,0.0,0.0,0.0
-26125.143602507545,-8027.226689723336,148127.08921755425,148042.37610606864,0.0,0.0,0.0,0.0
-36962.23043945199,-26985.149322169942,179312.98068916568,179222.2996619105,0.0,0.0,0.0,0.0
-22906.67121489897,-15589.917074432025,187500.0,187500.0,0.0,0.0,0.0,0.0
-14995.204209709671,-5903.721559491344,187500.0,187500.0,0.0,0.0,0.0,0.0
-11680.395803498723,-2462.111706985439,187500.0,187500.0,0.0,0.0,0.0,0.0
-5323.447921687117,5727.589813183524,187500.0,187500.0,0.0,0.0,0.0,0.0
-1988.8582216332225,11488.506077349912,187500.0,187500.0,0.0,0.0,0.0,0.0
-1360.5953884834514,14170.760115475668,187500.0,187500.0,0.0,0.0,0.0,0.0
-4801.422929933421,11254.885644303042,187500.0,187500.0,0.0,0.0,0.0,0.0
-6304.376578852723,9438.33702067578,187500.0,187500.0,0.0,0.0,0.0,0.0
-6490.633665398796,9098.836374144123,187500.0,187500.0,0.0,0.0,0.0,0.0
-6502.703607404663,9006.188393376875,187500.0,187500.0,0.0,0.0,0.0,0.0
-6397.225725320069,9012.715102757824,187500.0,187500.0,0.0,0.0,0.0,0.0
-5855.888826356987,9149.820703246678,187500.0,187500.0,0.0,0.0,0.0,0.0
1249.037831907014,16789.08816445925,187500.0,187500.0,0.0,0.0,0.0,0.0
13393.813478209197,33670.13140560763,179248.27238896757,179162.66520770374,0.0,0.0,0.0,0.0
14401.832449654634,39530.87056051142,156674.91038738613,156592.7677265129,0.0,0.0,0.0,0.0
8653.276700172031,36092.79228362945,138941.32690922343,138861.6205884958,0.0,0.0,0.0,0.0
-291.62320990839123,26560.667343219204,130199.49259751948,130120.18860819205,0.0,0.0,0.0,0.0
-10615.871622070268,13419.294466888246,131299.9360322876,131219.33564178177,0.0,0.0,0.0,0.0
-26132.45262294443,-8013.368608161046,147910.83608994915,147826.12297846354,0.0,0.0,0.0,0.0
-37093.32342068236,-27099.523198547748,179165.07919610493,179074.55463106092,0.0,0.0,0.0,0.0
-23049.811786390757,-15731.627134278671,187500.0,187500.0,0.0,0.0,0.0,0.0
-15044.556861466988,-5936.332754651637,187500.0,187500.0,0.0,0.0,0.0,0.0
-11766.51707488502,-2532.9220334198517,187500.0,187500.0,0.0,0.0,0.0,0.0
-5398.59448654586,5635.768846961123,187500.0,187500.0,0.0,0.0,0.0,0.0
-2023.995163916965,11406.855154854675,187500.0,187500.0,0.0,0.0,0.0,0.0
-1335.1814550377674,14142.41810350634,187500.0,187500.0,0.0,0.0,0.0,0.0
-4758.574635812597,11275.002214312819,187500.0,187500.0,0.0,0.0,0.0,0.0
-6301.493203817989,9417.371084376704,187500.0,187500.0,0.0,0.0,0.0,0.0
-6482.497630417065,9071.142562763996,187500.0,187500.0,0.0,0.0,0.0,0.0
-6491.885363088294,8975.700613939836,187500.0,187500.0,0.0,0.0,0.0,0.0
-6388.620303704775,8971.006747604222,187500.0,187500.0,0.0,0.0,0.0,0.0
-5857.766372891232,9089.538048450715,187500.0,187500.0,0.0,0.0,0.0,0.0
1147.2256359130904,16601.557028479223,187500.0,187500.0,0.0,0.0,0.0,0.0
13350.316983499168,33528.15312482752,179427.46632426576,179342.19441916878,0.0,0.0,0.0,0.0
14355.720800843335,39406.41604738427,156895.16447724873,156813.37944428678,0.0,0.0,0.0,0.0
8727.931526652757,36111.523045483,139149.46635359127,139069.7153293747,0.0,0.0,0.0,0.0
-162.3183682344399,26687.37938253634,130282.81990084886,130203.71707722153,0.0,0.0,0.0,0.0
-10508.27032426242,13548.219328906456,131312.2965469714,131231.89732216566,0.0,0.0,0.0,0.0
-25902.02848935467,-7708.490813790658,147737.65477390942,147653.12047637947,0.0,0.0,0.0,0.0
-37086.46143513459,-27009.043336992665,178905.10605634525,178814.6038430457,0.0,0.0,0.0,0.0
-23180.524787965394,-15874.52183658145,187500.0,187500.0,0.0,0.0,0.0,0.0
-15032.822195627952,-5946.681612334444,187500.0,187500.0,0.0,0.0,0.0,0.0
-11793.540333931487,-2586.8567927905074,187500.0,187500.0,0.0,0.0,0.0,0.0
-5404.271829637508,5595.043968563553,187500.0,187500.0,0.0,0.0,0.0,0.0
-2007.2760590643954,11392.550038403278,187500.0,187500.0,0.0,0.0,0.0,0.0
-1283.5265736015529,14161.99823164919,187500.0,187500.0,0.0,0.0,0.0,0.0
-4689.373634978966,11313.402511287035,187500.0,187500.0,0.0,0.0,0.0,0.0
-6264.434011511089,9440.10280848775,187500.0,187500.0,0.0,0.0,0.0,0.0
-6463.520999374509,9084.844182115101,187500.0,187500.0,0.0,0.0,0.0,0.0
-6467.119630231814,8989.670454224402,187500.0,187500.0,0.0,0.0,0.0,0.0
-6373.622283175264,8983.814297177112,187500.0,187500.0,0.0,0.0,0.0,0.0
-5866.997643351275,9094.053100830686,187500.0,187500.0,0.0,0.0,0.0,0.0
1073.9119140996831,16530.478481111346,187500.0,187500.0,0.0,0.0,0.0,0.0
13319.315113939658,33478.062865503176,179574.42904405942,179489.00067675122,0.0,0.0,0.0,0.0
14397.384452508028,39443.94462632473,157045.65877266633,156963.71727749315,0.0,0.0,0.0,0.0
8833.454112226262,36256.94349490923,139241.68965121385,139161.93862699732,0.0,0.0,0.0,0.0
-94.36906509030642,26828.530648771604,130315.52050298698,130236.30592063737,0.0,0.0,0.0,0.0
-10413.901259172113,13720.14894725668,131271.32579938482,131190.971278068,0.0,0.0,0.0,0.0
-25845.567982860564,-7580.303559339472,147611.5462316926,147526.85547195142,0.0,0.0,0.0,0.0
-36995.22161426802,-26844.914477457343,178658.25339058082,178567.52765983675,0.0,0.0,0.0,0.0
-23376.616642071804,-16051.592356156392,187500.0,187500.0,0.0,0.0,0.0,0.0
-15064.785190199042,-5955.5329031387455,187500.0,187500.0,0.0,0.0,0.0,0.0
-11888.937579266738,-2656.326014557602,187500.0,187500.0,0.0,0.0,0.0,0.0
-5491.644798713302,5535.342459123428,187500.0,187500.0,0.0,0.0,0.0,0.0
-2055.734641043501,11381.35181443117,187500.0,187500.0,0.0,0.0,0.0,0.0
-1303.9784197781587,14188.954435462289,187500.0,187500.0,0.0,0.0,0.0,0.0
-4691.3405884910335,11368.544264858278,187500.0,187500.0,0.0,0.0,0.0,0.0
-6264.232845810991,9490.97537886803,187500.0,187500.0,0.0,0.0,0.0,0.0
-6449.931138745683,9133.392171072028,187500.0,187500.0,0.0,0.0,0.0,0.0
-6454.535598103475,9039.514844359737,187500.0,187500.0,0.0,0.0,0.0,0.0
-6381.221876290068,9008.200050377853,187500.0,187500.0,0.0,0.0,0.0,0.0
-5867.019995095729,9143.562214799193,187500.0,187500.0,0.0,0.0,0.0,0.0
828.2885942803139,16281.301233923583,187500.0,187500.0,0.0,0.0,0.0,0.0
13158.628423050455,33244.62124641195,180055.1033085708,179969.5408307959,0.0,0.0,0.0,0.0
14431.515566291282,39423.358669681395,157514.19603993846,157432.14278604303,0.0,0.0,0.0,0.0
8904.085624705032,36289.62174530289,139654.10168815873,139574.21655347545,0.0,0.0,0.0,0.0
-25.838616590334965,26884.11943723195,130652.94243728429,130573.70550319023,0.0,0.0,0.0,0.0
-10321.1862231715,13822.788157795449,131542.13953520532,131461.71795865512,0.0,0.0,0.0,0.0
-25653.678256711755,-7305.44415777256,147646.81728444307,147562.19357993527,0.0,0.0,0.0,0.0
-37044.70837649207,-26829.20120110526,178685.76838800532,178595.04265726122,0.0,0.0,0.0,0.0
-23339.646856742726,-15987.576960036393,187500.0,187500.0,0.0,0.0,0.0,0.0
-15053.698724949209,-5921.066513188662,187500.0,187500.0,0.0,0.0,0.0,0.0
-11905.857849819406,-2660.2152180928256,187500.0,187500.0,0.0,0.0,0.0,0.0
-5492.471813258149,5535.431866101249,187500.0,187500.0,0.0,0.0,0.0,0.0
-2055.153495687663,11385.799811577775,187500.0,187500.0,0.0,0.0,0.0,0.0
-1284.4429951242203,14217.117633475977,187500.0,187500.0,0.0,0.0,0.0,0.0
-4651.710945571774,11430.190376066015,187500.0,187500.0,0.0,0.0,0.0,0.0
-6281.644854741676,9479.397175240181,187500.0,187500.0,0.0,0.0,0.0,0.0
-6475.56858963592,9116.583659241636,187500.0,187500.0,0.0,0.0,0.0,0.0
-6487.839697341883,9022.460463340338,187500.0,187500.0,0.0,0.0,0.0,0.0
-6401.673722466675,9018.54890806066,187500.0,187500.0,0.0,0.0,0.0,0.0
-5929.4707691038575,9103.887868391022,187500.0,187500.0,0.0,0.0,0.0,0.0
834.2341583054255,16334.99012410523,187500.0,187500.0,0.0,0.0,0.0,0.0
13094.322454252537,33249.248057514196,179911.6274609122,179826.13203837062,0.0,0.0,0.0,0.0
14329.278687152708,39375.36947433585,157392.13316346804,157310.14696480596,0.0,0.0,0.0,0.0
8872.122630133943,36311.3699926579,139500.50050026184,139420.63771732303,0.0,0.0,0.0,0.0
-59.72386118458047,26906.113553775973,130453.9448563987,130374.77497753799,0.0,0.0,0.0,0.0
-10385.738061158427,13797.865962727781,131348.52872473345,131268.06244469434,0.0,0.0,0.0,0.0
-25620.105936539883,-7235.393790649628,147433.17931093925,147348.46619945363,0.0,0.0,0.0,0.0
-37031.1408676077,-26719.074156173963,178338.80225882557,178248.3223972705,0.0,0.0,0.0,0.0
-23607.66662450631,-16223.723140206712,187500.0,187500.0,0.0,0.0,0.0,0.0
-15109.175754687281,-5934.8128360286755,187500.0,187500.0,0.0,0.0,0.0,0.0
-12023.38332216541,-2747.3423179796123,187500.0,187500.0,0.0,0.0,0.0,0.0
-5594.06049180752,5453.915054072744,187500.0,187500.0,0.0,0.0,0.0,0.0
-2133.0046216254977,11341.00691568934,187500.0,187500.0,0.0,0.0,0.0,0.0
-1367.8597054314264,14176.057478911576,187500.0,187500.0,0.0,0.0,0.0,0.0
-4741.3190890931,11389.621959879632,187500.0,187500.0,0.0,0.0,0.0,0.0
-6358.423096945656,9449.177616736606,187500.0,187500.0,0.0,0.0,0.0,0.0
-6537.862901432861,9084.88888560401,187500.0,187500.0,0.0,0.0,0.0,0.0
-6520.160319824257,8995.504259527237,187500.0,187500.0,0.0,0.0,0.0,0.0
-6428.540519301953,8992.35266355904,187500.0,187500.0,0.0,0.0,0.0,0.0
-5947.598033857112,9080.306777990672,187500.0,187500.0,0.0,0.0,0.0,0.0
772.8115645422417,16247.728913751713,187500.0,187500.0,0.0,0.0,0.0,0.0
13068.237968473193,33175.59905953396,180046.96727358905,179961.74007198098,0.0,0.0,0.0,0.0
14347.651821094969,39353.241247325095,157549.64590664458,157468.0620393827,0.0,0.0,0.0,0.0
8925.967982526778,36343.33298722899,139637.67315598408,139558.07859397872,0.0,0.0,0.0,0.0
7.241965203519488,26966.552670783123,130537.45097368372,130458.07992912292,0.0,0.0,0.0,0.0
-10299.393272327576,13893.263208063032,131360.62101848377,131279.90886925565,0.0,0.0,0.0,0.0
-25438.252143651505,-7005.19317450442,147244.68704994765,147159.95158671757,0.0,0.0,0.0,0.0
-37025.17295183813,-26672.694286429203,178035.84671447836,177945.34450117883,0.0,0.0,0.0,0.0
-23815.71666189631,-16474.420306017437,187500.0,187500.0,0.0,0.0,0.0,0.0
-15081.88427470735,-5916.640867786511,187500.0,187500.0,0.0,0.0,0.0,0.0
-12031.854633313971,-2728.857425315073,187500.0,187500.0,0.0,0.0,0.0,0.0
-5605.057550079531,5463.056917554965,187500.0,187500.0,0.0,0.0,0.0,0.0
-2117.224290040051,11349.38881986008,187500.0,187500.0,0.0,0.0,0.0,0.0
-1337.9977748391361,14167.787333463113,187500.0,187500.0,0.0,0.0,0.0,0.0
-4699.878954872961,11372.72404107142,187500.0,187500.0,0.0,0.0,0.0,0.0
-6316.759445280963,9451.233977226493,187500.0,187500.0,0.0,0.0,0.0,0.0
-6520.316782035445,9083.36896698105,187500.0,187500.0,0.0,0.0,0.0,0.0
-6536.812369443461,8983.076689610087,187500.0,187500.0,0.0,0.0,0.0,0.0
-6446.220749166102,8972.39255576045,187500.0,187500.0,0.0,0.0,0.0,0.0
-5976.051804548718,9059.117324247041,187500.0,187500.0,0.0,0.0,0.0,0.0
678.6660168964884,16164.647479611336,187500.0,187500.0,0.0,0.0,0.0,0.0
13007.173002621294,33102.84413133194,180163.08458603438,180077.52210825947,0.0,0.0,0.0,0.0
14329.59161157508,39322.552302187956,157671.217044737,157589.38730828612,0.0,0.0,0.0,0.0
8969.77740165918,36380.8839179139,139712.21622374252,139632.33108905924,0.0,0.0,0.0,0.0
35.42751496166169,26998.80623803213,130557.90281986033,130478.6435340218,0.0,0.0,0.0,0.0
-10232.74037036185,13985.128877774345,131306.52979690192,131226.1752755851,0.0,0.0,0.0,0.0
-25417.88970445272,-6935.61219401505,147082.21221950202,146997.7002737165,0.0,0.0,0.0,0.0
-37122.358336729805,-26761.140139238854,177934.66036732917,177844.3816714742,0.0,0.0,0.0,0.0
-23861.53773802969,-16550.170367976472,187500.0,187500.0,0.0,0.0,0.0,0.0
-15046.054428345495,-5882.800326681177,187500.0,187500.0,0.0,0.0,0.0,0.0
-12132.146910684933,-2861.47032516841,187500.0,187500.0,0.0,0.0,0.0,0.0
-5668.134172932408,5353.287500534952,187500.0,187500.0,0.0,0.0,0.0,0.0
-2140.3583455512935,11289.240275530849,187500.0,187500.0,0.0,0.0,0.0,0.0
-1344.4350772422645,14149.280089054118,187500.0,187500.0,0.0,0.0,0.0,0.0
-4708.5961352105305,11370.555921859255,187500.0,187500.0,0.0,0.0,0.0,0.0
-6328.0917797198035,9431.653849083645,187500.0,187500.0,0.0,0.0,0.0,0.0
-6532.38672404131,9055.608100367559,187500.0,187500.0,0.0,0.0,0.0,0.0
-6542.713229979662,8962.356622500018,187500.0,187500.0,0.0,0.0,0.0,0.0
-6453.485066114076,8965.351756257029,187500.0,187500.0,0.0,0.0,0.0,0.0
-5981.907961596008,9054.89284454499,187500.0,187500.0,0.0,0.0,0.0,0.0
631.8614640070754,16079.50968498107,187500.0,187500.0,0.0,0.0,0.0,0.0
12974.070069082985,33005.72580167363,180301.64304991282,180216.05822039346,0.0,0.0,0.0,0.0
14357.151312488475,39297.13836874227,157817.28569475244,157735.09833039026,0.0,0.0,0.0,0.0
9023.533347074193,36386.15892960536,139861.07884181486,139781.17135538714,0.0,0.0,0.0,0.0
125.9520800056553,27059.44652073938,130649.05323374907,130569.65983744382,0.0,0.0,0.0,0.0
-10118.321790495133,14083.45420163324,131328.9485965906,131248.41526131812,0.0,0.0,0.0,0.0
-25265.47315901198,-6773.271474036154,146981.1376310751,146896.44687133396,0.0,0.0,0.0,0.0
-37048.17289688264,-26660.84786186789,177754.7958796973,177664.36072163115,0.0,0.0,0.0,0.0
-23928.905895817985,-16626.658037502533,187500.0,187500.0,0.0,0.0,0.0,0.0
-15022.808614111975,-5879.581675479612,187500.0,187500.0,0.0,0.0,0.0,0.0
-12133.063332207601,-2916.097988617181,187500.0,187500.0,0.0,0.0,0.0,0.0
-5654.030222181109,5301.207935954087,187500.0,187500.0,0.0,0.0,0.0,0.0
-2119.8170923968664,11259.266586216281,187500.0,187500.0,0.0,0.0,0.0,0.0
-1283.9289050017483,14163.585205505517,187500.0,187500.0,0.0,0.0,0.0,0.0
-4624.665334780852,11422.948410862495,187500.0,187500.0,0.0,0.0,0.0,0.0
-6280.124936118715,9449.222320225515,187500.0,187500.0,0.0,0.0,0.0,0.0
-6492.354749721855,9058.580882380114,187500.0,187500.0,0.0,0.0,0.0,0.0
-6509.632648185808,8950.599604916526,187500.0,187500.0,0.0,0.0,0.0,0.0
-6431.759170503517,8941.10011352302,187500.0,187500.0,0.0,0.0,0.0,0.0
-5892.903315174975,9114.214374329375,187500.0,187500.0,0.0,0.0,0.0,0.0
873.9308564580508,16410.71783431981,187500.0,187500.0,0.0,0.0,0.0,0.0
12413.354207677152,32344.561200685646,180474.71260723026,180389.30659166654,0.0,0.0,0.0,0.0
14180.840752225013,38931.441477709,158367.80916068665,158285.80061028013,0.0,0.0,0.0,0.0
9056.189245723397,36287.63244004636,140433.05998242617,140353.42071693193,0.0,0.0,0.0,0.0
217.57188052795894,27085.17337860744,131149.21821942547,131069.91423009805,0.0,0.0,0.0,0.0
-10022.3657515485,14150.196510576787,131747.17208709384,131666.39288263238,0.0,0.0,0.0,0.0
-25069.96245026141,-6566.495486080109,147226.38097123874,147141.7349149865,0.0,0.0,0.0,0.0
-36954.18381144808,-26537.265066774497,177822.05227876335,177731.79593465282,0.0,0.0,0.0,0.0
-23935.58906741012,-16635.91165970703,187500.0,187500.0,0.0,0.0,0.0,0.0
-15099.162173171304,-5994.000255346329,187500.0,187500.0,0.0,0.0,0.0,0.0
-12125.44138734834,-2953.984195468926,187500.0,187500.0,0.0,0.0,0.0,0.0
-5628.437474779782,5262.740583746503,187500.0,187500.0,0.0,0.0,0.0,0.0
-2081.0368157669086,11231.170443435962,187500.0,187500.0,0.0,0.0,0.0,0.0
-1221.522834482531,14171.989461420711,187500.0,187500.0,0.0,0.0,0.0,0.0
-4545.271938475602,11488.908408750107,187500.0,187500.0,0.0,0.0,0.0,0.0
-6286.897514688673,9461.135800020194,187500.0,187500.0,0.0,0.0,0.0,0.0
-6518.752159923573,9075.098821532587,187500.0,187500.0,0.0,0.0,0.0,0.0
-6532.789055441506,8975.767669173201,187500.0,187500.0,0.0,0.0,0.0,0.0
-6445.617252065808,8971.67729993788,187500.0,187500.0,0.0,0.0,0.0,0.0
-5983.494935452335,9054.803437567167,187500.0,187500.0,0.0,0.0,0.0,0.0
501.5954973215458,15925.170889517176,187500.0,187500.0,0.0,0.0,0.0,0.0
12926.997295260107,32884.42288451468,180601.75992271423,180516.1527414504,0.0,0.0,0.0,0.0
14449.687534533447,39334.68929942719,158120.44240479975,158038.38915090432,0.0,0.0,0.0,0.0
9155.989784716343,36503.70675369582,140111.8207111145,140032.13674213132,0.0,0.0,0.0,0.0
267.4609741522043,27220.53554302878,130796.84296808756,130717.71779271578,0.0,0.0,0.0,0.0
-10004.059672839603,14227.131214991954,131380.02233267098,131299.55605263187,0.0,0.0,0.0,0.0
-25135.72128244892,-6600.693655096728,146920.00560998984,146835.49366420432,0.0,0.0,0.0,0.0
-36963.9738755195,-26497.47896164405,177500.2989173292,177410.0649249631,0.0,0.0,0.0,0.0
-24150.009351969882,-16859.451456004557,187500.0,187500.0,0.0,0.0,0.0,0.0
-15061.521835508567,-5935.483388362335,187500.0,187500.0,0.0,0.0,0.0,0.0
-12073.026546600646,-2824.031153205771,187500.0,187500.0,0.0,0.0,0.0,0.0
-5643.279033098106,5330.242852001531,187500.0,187500.0,0.0,0.0,0.0,0.0
-2140.514807762481,11226.923611989452,187500.0,187500.0,0.0,0.0,0.0,0.0
-1301.0056377656028,14108.354044956452,187500.0,187500.0,0.0,0.0,0.0,0.0
-4595.026921633115,11413.694788657998,187500.0,187500.0,0.0,0.0,0.0,0.0
-6247.37963049169,9455.257291228449,187500.0,187500.0,0.0,0.0,0.0,0.0
-6445.326679387889,9095.215391542362,187500.0,187500.0,0.0,0.0,0.0,0.0
-6444.6114235653195,9016.157271403941,187500.0,187500.0,0.0,0.0,0.0,0.0
-6360.568864413365,9016.514899315227,187500.0,187500.0,0.0,0.0,0.0,0.0
-5920.910050977475,9076.395222710995,187500.0,187500.0,0.0,0.0,0.0,0.0
514.1571777054284,15888.245807677009,187500.0,187500.0,0.0,0.0,0.0,0.0
12975.99231910614,32884.91462289269,180628.8278852496,180543.28775921915,0.0,0.0,0.0,0.0
14477.336642424661,39315.623261406814,158135.41807358482,158053.23070922264,0.0,0.0,0.0,0.0
9219.334628502684,36516.35784105752,140121.7672373971,140041.8597509694,0.0,0.0,0.0,0.0
359.885437474899,27281.22052922494,130768.99269449625,130689.48753946873,0.0,0.0,0.0,0.0
-9888.724671450218,14328.675190052414,131307.46857016906,131226.7787726854,0.0,0.0,0.0,0.0
-24902.793753480168,-6325.320163407346,146680.6184268735,146596.01707411016,0.0,0.0,0.0,0.0
-36923.94190120004,-26382.12160851021,177125.43781106925,177035.22617044763,0.0,0.0,0.0,0.0
-24393.73277351055,-17144.97263967665,187500.0,187500.0,0.0,0.0,0.0,0.0
-15105.21949591869,-6024.756255716831,187500.0,187500.0,0.0,0.0,0.0,0.0
-12227.141824619988,-3023.1181410691906,187500.0,187500.0,0.0,0.0,0.0,0.0
-5717.375065967449,5208.26938250892,187500.0,187500.0,0.0,0.0,0.0,0.0
-2106.2719352569507,11241.228728440848,187500.0,187500.0,0.0,0.0,0.0,0.0
-1216.650154191274,14213.876630529956,187500.0,187500.0,0.0,0.0,0.0,0.0
-4518.9415835072505,11528.42629294709,187500.0,187500.0,0.0,0.0,0.0,0.0
-6228.291240726858,9496.518611492946,187500.0,187500.0,0.0,0.0,0.0,0.0
-6444.454961354132,9107.352388781594,187500.0,187500.0,0.0,0.0,0.0,0.0
-6453.105086458336,9003.372073575507,187500.0,187500.0,0.0,0.0,0.0,0.0
-6364.21219875958,9008.848250967056,187500.0,187500.0,0.0,0.0,0.0,0.0
-5931.46007436038,9074.048289543187,187500.0,187500.0,0.0,0.0,0.0,0.0
436.14958955640674,15788.64643438416,187500.0,187500.0,0.0,0.0,0.0,0.0
12972.572502204479,32816.20536043708,180780.7750440568,180695.21256628187,0.0,0.0,0.0,0.0
14578.768858762844,39374.02836966853,158249.03199065113,158166.88932977788,0.0,0.0,0.0,0.0
9340.145807283618,36619.48878997431,140162.29095009458,140082.42816715577,0.0,0.0,0.0,0.0
441.1340285699402,27352.70140799301,130751.5583338211,130672.05317879358,0.0,0.0,0.0,0.0
-9794.065033681993,14427.04521740022,131226.30938605184,131145.82075426826,0.0,0.0,0.0,0.0
-24855.497462212737,-6269.105526102248,146546.4856083972,146461.88425563386,0.0,0.0,0.0,0.0
-36871.191784285526,-26313.658215243606,176960.9736753671,176870.82908997883,0.0,0.0,0.0,0.0
-24480.88222514179,-17244.63906820286,187500.0,187500.0,0.0,0.0,0.0,0.0
-15100.257408649613,-6016.977848646385,187500.0,187500.0,0.0,0.0,0.0,0.0
-12275.645110088004,-3069.2521416249447,187500.0,187500.0,0.0,0.0,0.0,0.0
-5746.119409336974,5159.654338318627,187500.0,187500.0,0.0,0.0,0.0,0.0
-2105.7354933900233,11204.862440212064,187500.0,187500.0,0.0,0.0,0.0,0.0
-1172.9301420366935,14220.76096782219,187500.0,187500.0,0.0,0.0,0.0,0.0
-4458.837742666929,11589.021872165427,187500.0,187500.0,0.0,0.0,0.0,0.0
-6211.572135874288,9530.917946209664,187500.0,187500.0,0.0,0.0,0.0,0.0
-6429.278126868979,9141.707020009402,187500.0,187500.0,0.0,0.0,0.0,0.0
-6446.824246266395,9024.539175574682,187500.0,187500.0,0.0,0.0,0.0,0.0
-6351.941091053616,9020.06882668362,187500.0,187500.0,0.0,0.0,0.0,0.0
-5905.822623470142,9073.958882565366,187500.0,187500.0,0.0,0.0,0.0,0.0
406.7793973421332,15722.39586381863,187500.0,187500.0,0.0,0.0,0.0,0.0
12964.548225945024,32783.34829608778,180895.77476927935,180810.36875371562,0.0,0.0,0.0,0.0
14619.583144138234,39411.02050674206,158351.09005583407,158269.03680193864,0.0,0.0,0.0,0.0
9406.28461912687,36700.84913979163,140226.73102935925,140147.09176386497,0.0,0.0,0.0,0.0
518.6275265964898,27467.4329122821,130749.05493844212,130669.95211481478,0.0,0.0,0.0,0.0
-9710.58126814142,14554.248995095373,131155.76728055088,131075.27864876733,0.0,0.0,0.0,0.0
-24713.74269887718,-6052.271253141314,146325.44920747867,146240.73609599305,0.0,0.0,0.0,0.0
-36937.28589263986,-26322.15187813662,176721.0053468949,176630.72665103993,0.0,0.0,0.0,0.0
-24630.63891299235,-17397.659110743894,187500.0,187500.0,0.0,0.0,0.0,0.0
-15102.671397050786,-6023.258688838326,187500.0,187500.0,0.0,0.0,0.0,0.0
-12317.956962341901,-3129.423037698631,187500.0,187500.0,0.0,0.0,0.0,0.0
-5778.7306044972665,5098.656427700094,187500.0,187500.0,0.0,0.0,0.0,0.0
-2123.6168889542687,11151.620584919523,187500.0,187500.0,0.0,0.0,0.0,0.0
-1158.4238598851991,14226.728883591759,187500.0,187500.0,0.0,0.0,0.0,0.0
-4435.010783077572,11640.676753601641,187500.0,187500.0,0.0,0.0,0.0,0.0
-6213.270868452892,9552.107399953295,187500.0,187500.0,0.0,0.0,0.0,0.0
-6426.9982489345375,9154.693383537935,187500.0,187500.0,0.0,0.0,0.0,0.0
-6438.352935117833,9048.053210741666,187500.0,187500.0,0.0,0.0,0.0,0.0
-6351.11407650877,9047.673231085924,187500.0,187500.0,0.0,0.0,0.0,0.0
-5926.006248713285,9093.807231641678,187500.0,187500.0,0.0,0.0,0.0,0.0
323.67561145730156,15676.552435940795,187500.0,187500.0,0.0,0.0,0.0,0.0
13361.202283048902,33255.81947038406,180764.3688636266,180679.11931027405,0.0,0.0,0.0,0.0
15594.56623727873,40786.0774738881,157010.0077402601,156928.3791695093,0.0,0.0,0.0,0.0
8705.043340330523,36090.914737095205,139454.07592702817,139374.39195804502,0.0,0.0,0.0,0.0
235.4532760922046,27064.632125453012,130554.84063086995,130475.58134503143,0.0,0.0,0.0,0.0
-9726.518061938055,14451.520377578781,131033.77145931381,130953.52869671927,0.0,0.0,0.0,0.0
-24651.426035335786,-6021.425845792991,146175.46900218356,146091.40409128717,0.0,0.0,0.0,0.0
-36954.89906727065,-26331.07022417429,176541.2302662409,176451.08568085262,0.0,0.0,0.0,0.0
-24763.922365179347,-17561.47504585684,187500.0,187500.0,0.0,0.0,0.0,0.0
-15108.79577503154,-6046.705668771943,187500.0,187500.0,0.0,0.0,0.0,0.0
-12352.848035436635,-3200.6133437887843,187500.0,187500.0,0.0,0.0,0.0,0.0
-5797.036683206164,5041.815941550248,187500.0,187500.0,0.0,0.0,0.0,0.0
-2139.084296117341,11114.494337379258,187500.0,187500.0,0.0,0.0,0.0,0.0
-1139.8048567539283,14222.549107378616,187500.0,187500.0,0.0,0.0,0.0,0.0
-4370.794221257475,11682.966254111083,187500.0,187500.0,0.0,0.0,0.0,0.0
-6192.349635642724,9549.358135385291,187500.0,187500.0,0.0,0.0,0.0,0.0
-6423.444321566144,9150.7594765138,187500.0,187500.0,0.0,0.0,0.0,0.0
-6445.438438110165,9032.541100089682,187500.0,187500.0,0.0,0.0,0.0,0.0
-6350.465875919566,9025.477948841804,187500.0,187500.0,0.0,0.0,0.0,0.0
-5918.406655598481,9076.551684922182,187500.0,187500.0,0.0,0.0,0.0,0.0
252.82058153397819,15554.757780403826,187500.0,187500.0,0.0,0.0,0.0,0.0
12904.533792082524,32644.476907786957,181171.08120573536,181085.27285877144,0.0,0.0,0.0,0.0
14673.204979086517,39382.70084651719,158626.99998939037,158544.85732851713,0.0,0.0,0.0,0.0
9541.31150738138,36780.24253609688,140434.91517721597,140355.20885648835,0.0,0.0,0.0,0.0
700.1460433180384,27623.42573683569,130845.07803262211,130765.99756073924,0.0,0.0,0.0,0.0
-9507.06863487585,14765.87531159822,131108.6050997502,131028.33998541118,0.0,0.0,0.0,0.0
-24577.53116816654,-5876.944169633886,146126.87630973774,146042.56552965232,0.0,0.0,0.0,0.0
-36941.73388978647,-26291.932319633048,176468.0059514053,176377.8837177615,0.0,0.0,0.0,0.0
-24819.19822921732,-17624.641075687538,187500.0,187500.0,0.0,0.0,0.0,0.0
-15083.404193330312,-6026.343229573158,187500.0,187500.0,0.0,0.0,0.0,0.0
-12397.484469113884,-3244.4674664100967,187500.0,187500.0,0.0,0.0,0.0,0.0
-5753.763705940689,5099.237573055932,187500.0,187500.0,0.0,0.0,0.0,0.0
-2100.5945921653024,11200.928533187931,187500.0,187500.0,0.0,0.0,0.0,0.0
-1218.4159420032433,14156.633812979915,187500.0,187500.0,0.0,0.0,0.0,0.0
-4433.736733643619,11604.4892793285,187500.0,187500.0,0.0,0.0,0.0,0.0
-6210.409845162612,9529.196861886605,187500.0,187500.0,0.0,0.0,0.0,0.0
-6423.466673310599,9149.910110224499,187500.0,187500.0,0.0,0.0,0.0,0.0
-6430.418065836199,9041.012411238244,187500.0,187500.0,0.0,0.0,0.0,0.0
-6337.971250769049,9026.036742453187,187500.0,187500.0,0.0,0.0,0.0,0.0
-5926.922670235953,9053.12705673302,187500.0,187500.0,0.0,0.0,0.0,0.0
172.7566328950683,15436.427645257432,187500.0,187500.0,0.0,0.0,0.0,0.0
12883.83607671691,32577.198156976483,181273.7427680186,181188.24734547705,0.0,0.0,0.0,0.0
14736.594526361767,39424.23038771515,158670.51883584488,158588.1750092715,0.0,0.0,0.0,0.0
9595.268618496493,36822.48733311741,140438.35734586208,140358.29339722317,0.0,0.0,0.0,0.0
766.86600051713,27688.37990622281,130804.01787805771,130724.602130008,0.0,0.0,0.0,0.0
-9439.566366620824,14858.03155398745,131003.48484557687,130923.1526760045,0.0,0.0,0.0,0.0
-24475.27193728351,-5710.222507741751,145927.90108059658,145843.54559702225,0.0,0.0,0.0,0.0
-36943.387918876164,-26197.496199309375,176220.32627109604,176130.0252234966,0.0,0.0,0.0,0.0
-24982.79064688571,-17741.361885233153,187500.0,187500.0,0.0,0.0,0.0,0.0
-15056.716210450675,-5940.132551209039,187500.0,187500.0,0.0,0.0,0.0,0.0
-12342.387419031551,-3102.019798996425,187500.0,187500.0,0.0,0.0,0.0,0.0
-5935.952774995897,4934.952251309425,187500.0,187500.0,0.0,0.0,0.0,0.0
-2217.270698222005,11012.123347773952,187500.0,187500.0,0.0,0.0,0.0,0.0
-1155.0487464724479,14158.399600791885,187500.0,187500.0,0.0,0.0,0.0,0.0
-4339.792351697964,11678.294739519923,187500.0,187500.0,0.0,0.0,0.0,0.0
-6191.634379820154,9529.50978630898,187500.0,187500.0,0.0,0.0,0.0,0.0
-6419.800987219928,9129.681781492447,187500.0,187500.0,0.0,0.0,0.0,0.0
-6435.380153105278,9016.716065015324,187500.0,187500.0,0.0,0.0,0.0,0.0
-6345.839064817317,9006.367207332518,187500.0,187500.0,0.0,0.0,0.0,0.0
-5930.007210970785,9041.571204849626,187500.0,187500.0,0.0,0.0,0.0,0.0
104.80732975093481,15340.963344688815,187500.0,187500.0,0.0,0.0,0.0,0.0
12921.94580101321,32558.288581167293,181419.85612152293,181334.0924780479,0.0,0.0,0.0,0.0
14810.26587608646,39437.127344265864,158803.1764391871,158720.94437133605,0.0,0.0,0.0,0.0
9739.035038833028,36920.477380809476,140510.19585254145,140430.400124836,0.0,0.0,0.0,0.0
885.9784467194613,27797.83639882045,130780.25797370172,130701.1551500744,0.0,0.0,0.0,0.0
-9328.835824589232,14974.953529233162,130914.07786775565,130833.87980865,0.0,0.0,0.0,0.0
-24347.10703457678,-5559.191770457241,145736.7489620148,145652.5275889072,0.0,0.0,0.0,0.0
-36812.80902776826,-26011.52968544122,175861.64782782173,175771.52559417792,0.0,0.0,0.0,0.0
-25241.690902911534,-18031.66634221868,187500.0,187500.0,0.0,0.0,0.0,0.0
-15141.049342280548,-6097.086500774205,187500.0,187500.0,0.0,0.0,0.0,0.0
-12449.89930986158,-3267.132135287778,187500.0,187500.0,0.0,0.0,0.0,0.0
-6019.637706236566,4809.916592826437,187500.0,187500.0,0.0,0.0,0.0,0.0
-2238.460151965636,11003.137946502919,187500.0,187500.0,0.0,0.0,0.0,0.0
-1132.8311124838726,14232.38387493895,187500.0,187500.0,0.0,0.0,0.0,0.0
-4280.85080156932,11822.351732534378,187500.0,187500.0,0.0,0.0,0.0,0.0
-6193.578981587766,9593.033444050961,187500.0,187500.0,0.0,0.0,0.0,0.0
-6426.148882645236,9176.039299492753,187500.0,187500.0,0.0,0.0,0.0,0.0
-6435.693077527652,9060.883112059011,187500.0,187500.0,0.0,0.0,0.0,0.0
-6351.382297442234,9064.302928960673,187500.0,187500.0,0.0,0.0,0.0,0.0
-5952.135437981539,9100.93743812292,187500.0,187500.0,0.0,0.0,0.0,0.0
-44.88230286625658,15257.59133787052,187500.0,187500.0,0.0,0.0,0.0,0.0
12782.76148829001,32452.207201982405,181616.73028668528,181530.85488448798,0.0,0.0,0.0,0.0
14796.318387546347,39492.2690978371,158944.1712432112,158862.02858233792,0.0,0.0,0.0,0.0
9704.076910504928,36980.69298037207,140589.2316209354,140509.10061706312,0.0,0.0,0.0,0.0
884.5255833298664,27893.56892032253,130823.15097131145,130743.82463023957,0.0,0.0,0.0,0.0
-9267.279120359317,15163.401086735856,130870.44726257889,130790.15979649543,0.0,0.0,0.0,0.0
-24281.32585064481,-5342.268090518486,145594.6142190235,145510.50460463818,0.0,0.0,0.0,0.0
-36854.047996288304,-25906.878817901474,175685.5160815139,175595.37149612565,0.0,0.0,0.0,0.0
-25376.896605121685,-18077.062735207408,187500.0,187500.0,0.0,0.0,0.0,0.0
-15154.125112786904,-5992.100357067628,187500.0,187500.0,0.0,0.0,0.0,0.0
-12593.956302876033,-3331.974545952624,187500.0,187500.0,0.0,0.0,0.0,0.0
-6018.989505647362,4871.272131356255,187500.0,187500.0,0.0,0.0,0.0,0.0
-2241.2541200225496,11049.718981947779,187500.0,187500.0,0.0,0.0,0.0,0.0
-1167.9680547676153,14218.548145121116,187500.0,187500.0,0.0,0.0,0.0,0.0
-4265.472801384068,11855.834645728428,187500.0,187500.0,0.0,0.0,0.0,0.0
-6177.306911624302,9641.201453352149,187500.0,187500.0,0.0,0.0,0.0,0.0
-6401.181984088658,9226.710704172934,187500.0,187500.0,0.0,0.0,0.0,0.0
-6422.4161413212,9102.971446868354,187500.0,187500.0,0.0,0.0,0.0,0.0
-6351.047021275404,9085.492382704304,187500.0,187500.0,0.0,0.0,0.0,0.0
-5955.331737438648,9117.477729019849,187500.0,187500.0,0.0,0.0,0.0,0.0
-100.82871923789016,15218.721654262741,187500.0,187500.0,0.0,0.0,0.0,0.0
12760.923833957177,32432.023576739262,181757.2557040758,181671.7379297898,0.0,0.0,0.0,0.0
14855.215234186082,39557.7373573467,159083.042631512,159001.10113633887,0.0,0.0,0.0,0.0
9776.295396840025,37057.94060920961,140707.2041281705,140627.5425109318,0.0,0.0,0.0,0.0
1220.0923228373913,28284.813855268225,130773.26187768721,130694.06964708205,0.0,0.0,0.0,0.0
-8100.65217025902,16735.48868125542,129566.89352594537,129487.07544649548,0.0,0.0,0.0,0.0
-24869.869633897502,-5704.813385583567,144440.1913213958,144355.99230003267,0.0,0.0,0.0,0.0
-37392.54622370556,-26502.105772746298,175301.379001305,175211.1450089389,0.0,0.0,0.0,0.0
-25679.60628027991,-18480.891702281442,187500.0,187500.0,0.0,0.0,0.0,0.0
-15214.430119327322,-6122.455730730979,187500.0,187500.0,0.0,0.0,0.0,0.0
-12647.041695957387,-3439.061753638,187500.0,187500.0,0.0,0.0,0.0,0.0
-6058.976776477907,4779.227647689301,187500.0,187500.0,0.0,0.0,0.0,0.0
-2271.7418994595887,10981.724975314733,187500.0,187500.0,0.0,0.0,0.0,0.0
-1168.7950693124617,14186.674557527847,187500.0,187500.0,0.0,0.0,0.0,0.0
-4215.047265892896,11901.521611395076,187500.0,187500.0,0.0,0.0,0.0,0.0
-6179.899713981118,9639.033334139984,187500.0,187500.0,0.0,0.0,0.0,0.0
-6421.1867953761575,9234.042076354275,187500.0,187500.0,0.0,0.0,0.0,0.0
-6440.61046130782,9127.826586702657,187500.0,187500.0,0.0,0.0,0.0,0.0
-6363.452239448099,9112.47093826186,187500.0,187500.0,0.0,0.0,0.0,0.0
-5971.872028335575,9126.351371568606,187500.0,187500.0,0.0,0.0,0.0,0.0
-202.93148790973282,15108.70636805372,187500.0,187500.0,0.0,0.0,0.0,0.0
12710.744167655012,32333.988825558285,181925.27376714634,181839.35366146013,0.0,0.0,0.0,0.0
14838.049094444406,39505.791903232566,159257.9897353637,159175.53415006807,0.0,0.0,0.0,0.0
9764.046640878516,37041.37796656823,140872.4505749286,140792.36427454522,0.0,0.0,0.0,0.0
963.5166482349216,28019.811573006104,131002.00963044283,130922.52682715975,0.0,0.0,0.0,0.0
-9183.8177065632,15322.098472368536,130907.5958618636,130827.10723008004,0.0,0.0,0.0,0.0
-24210.60493118822,-5158.1120679512105,145453.03826964358,145368.79454479154,0.0,0.0,0.0,0.0
-36931.094459425745,-25871.45130293981,175477.60015459065,175387.43321745793,0.0,0.0,0.0,0.0
-25568.49575859258,-18221.343245666416,187500.0,187500.0,0.0,0.0,0.0,0.0
-15175.918063630828,-5961.70198460841,187500.0,187500.0,0.0,0.0,0.0,0.0
-12685.486696420516,-3387.026892546045,187500.0,187500.0,0.0,0.0,0.0,0.0
-6101.288628731803,4792.370473429021,187500.0,187500.0,0.0,0.0,0.0,0.0
-2287.566934533946,10992.565571375559,187500.0,187500.0,0.0,0.0,0.0,0.0
-1191.0574067899474,14183.165333648365,187500.0,187500.0,0.0,0.0,0.0,0.0
-4261.382432148746,11880.73448905164,187500.0,187500.0,0.0,0.0,0.0,0.0
-6226.99483954845,9629.153863090738,187500.0,187500.0,0.0,0.0,0.0,0.0
-6460.257644684034,9229.102340829651,187500.0,187500.0,0.0,0.0,0.0,0.0
-6472.551104134453,9123.490348278327,187500.0,187500.0,0.0,0.0,0.0,0.0
-6400.734949199552,9107.41944401496,187500.0,187500.0,0.0,0.0,0.0,0.0
-6001.912772883507,9130.397037315017,187500.0,187500.0,0.0,0.0,0.0,0.0
-299.7815966345783,15034.297410762003,187500.0,187500.0,0.0,0.0,0.0,0.0
12638.726847020012,32259.13283337746,182075.61160035274,181989.66914292207,0.0,0.0,0.0,0.0
14894.129621282771,39570.589610408504,159361.5677191696,159279.2462443407,0.0,0.0,0.0,0.0
9829.537252132566,37129.01915657749,140918.6069272288,140838.63238556773,0.0,0.0,0.0,0.0
1030.594233345298,28107.22924557081,131015.15245618255,130935.91552208849,0.0,0.0,0.0,0.0
-9062.335975448606,15471.989270685825,130851.26946583623,130770.89259277495,0.0,0.0,0.0,0.0
-24053.203946733945,-4957.639271931562,145264.1436772518,145179.83289716637,0.0,0.0,0.0,0.0
-36874.70100816501,-25788.302813566068,175238.30237845212,175148.1801448083,0.0,0.0,0.0,0.0
-25682.064972169992,-18371.994003295185,187500.0,187500.0,0.0,0.0,0.0,0.0
-15147.33018247249,-5950.503760636301,187500.0,187500.0,0.0,0.0,0.0,0.0
-12677.864751561256,-3380.611941887372,187500.0,187500.0,0.0,0.0,0.0,0.0
-6106.7424543788975,4793.309246696144,187500.0,187500.0,0.0,0.0,0.0,0.0
-2207.257116706028,11132.711009110333,187500.0,187500.0,0.0,0.0,0.0,0.0
-1259.9231314567485,14190.608464551982,187500.0,187500.0,0.0,0.0,0.0,0.0
-4343.14511336626,11831.895927416794,187500.0,187500.0,0.0,0.0,0.0,0.0
-6240.607051921732,9650.410372067736,187500.0,187500.0,0.0,0.0,0.0,0.0
-6474.987444280082,9241.172282835518,187500.0,187500.0,0.0,0.0,0.0,0.0
-6483.9951972955705,9126.9548686689,187500.0,187500.0,0.0,0.0,0.0,0.0
-6404.154766101214,9104.379606769038,187500.0,187500.0,0.0,0.0,0.0,0.0
-6035.015706421817,9117.388322042027,187500.0,187500.0,0.0,0.0,0.0,0.0
-419.0058015591862,14926.80787167643,187500.0,187500.0,0.0,0.0,0.0,0.0
12558.126456514176,32175.60436434798,182215.8017415764,182130.0380981014,0.0,0.0,0.0,0.0
14889.748679369532,39596.76350316567,159494.27002600074,159411.94855117187,0.0,0.0,0.0,0.0
9875.470086988222,37245.9411318232,140988.85846005185,140908.9062701352,0.0,0.0,0.0,0.0
1071.2520565095017,28228.487459240852,131010.88327299157,130931.6016354086,0.0,0.0,0.0,0.0
-9017.051341182154,15606.144440906579,130763.89649676044,130683.58667893252,0.0,0.0,0.0,0.0
-24046.14079548607,-4858.464581783364,145087.98957919952,145003.61174388073,0.0,0.0,0.0,0.0
-36930.49096232545,-25771.67311569132,175012.5497594535,174922.42752580973,0.0,0.0,0.0,0.0
-25882.962451334293,-18569.96340393584,187500.0,187500.0,0.0,0.0,0.0,0.0
-15200.72849997622,-6013.043941622251,187500.0,187500.0,0.0,0.0,0.0,0.0
-12779.855761510822,-3492.840050797469,187500.0,187500.0,0.0,0.0,0.0,0.0
-6179.743251769931,4687.4066814668995,187500.0,187500.0,0.0,0.0,0.0,0.0
-2239.0412973214743,11039.034848098141,187500.0,187500.0,0.0,0.0,0.0,0.0
-1206.9494970976707,14197.068118699566,187500.0,187500.0,0.0,0.0,0.0,0.0
-4331.924537649696,11830.845395427394,187500.0,187500.0,0.0,0.0,0.0,0.0
-6250.710040415531,9635.121778860304,187500.0,187500.0,0.0,0.0,0.0,0.0
-6490.901886332261,9225.59311695017,187500.0,187500.0,0.0,0.0,0.0,0.0
-6501.273095759523,9105.452490502894,187500.0,187500.0,0.0,0.0,0.0,0.0
-6430.261603625012,9078.809211112168,187500.0,187500.0,0.0,0.0,0.0,0.0
-6059.803791022753,9090.186249039918,187500.0,187500.0,0.0,0.0,0.0,0.0
-498.68977054235586,14804.365015550258,187500.0,187500.0,0.0,0.0,0.0,0.0
12480.387089298618,32012.570740290972,182389.92183088325,182304.0911321749,0.0,0.0,0.0,0.0
14923.455110008135,39542.24759843917,159677.30846134527,159594.96463477192,0.0,0.0,0.0,0.0
10003.79145190614,37306.44730406372,141092.21292641317,141012.26073649654,0.0,0.0,0.0,0.0
1192.2867527349892,28321.493067919382,131019.73456379588,130940.38587097955,0.0,0.0,0.0,0.0
-8870.893284188902,15759.388000892164,130664.96767580125,130584.45669227323,0.0,0.0,0.0,0.0
-23893.143104689494,-4667.603035879497,144866.8414195587,144782.7318051734,0.0,0.0,0.0,0.0
-36918.53277904186,-25704.193199180747,174737.8468200978,174647.81399343183,0.0,0.0,0.0,0.0
-26069.30894485819,-18755.907566059537,187500.0,187500.0,0.0,0.0,0.0,0.0
-15297.198629045324,-6115.057303316272,187500.0,187500.0,0.0,0.0,0.0,0.0
-12915.754367799089,-3668.077727327076,187500.0,187500.0,0.0,0.0,0.0,0.0
-6238.796560620852,4554.905540335839,187500.0,187500.0,0.0,0.0,0.0,0.0
-2346.2849672180378,10842.026572469065,187500.0,187500.0,0.0,0.0,0.0,0.0
-1118.1907198656463,14215.553011364105,187500.0,187500.0,0.0,0.0,0.0,0.0
-4144.0357737583845,12016.968371506737,187500.0,187500.0,0.0,0.0,0.0,0.0
-6200.686836324553,9653.696078502666,187500.0,187500.0,0.0,0.0,0.0,0.0
-6453.775638791995,9201.185012004973,187500.0,187500.0,0.0,0.0,0.0,0.0
-6479.144868748769,9070.583769152614,187500.0,187500.0,0.0,0.0,0.0,0.0
-6401.472556766576,9053.037649755199,187500.0,187500.0,0.0,0.0,0.0,0.0
-6028.28783134077,9074.540027921204,187500.0,187500.0,0.0,0.0,0.0,0.0
-530.3845441799813,14741.936593286586,187500.0,187500.0,0.0,0.0,0.0,0.0
12463.422115257039,31962.055797821977,182492.6728001443,182406.86445318037,0.0,0.0,0.0,0.0
14933.915726413219,39516.94542371576,159793.0681458793,159710.76902279485,0.0,0.0,0.0,0.0
10078.647444086962,37356.29169419905,141162.39740400284,141082.4005105973,0.0,0.0,0.0,0.0
1245.0592213939692,28371.337458054717,131035.29137793678,130956.03209209826,0.0,0.0,0.0,0.0
-8770.064564951012,15882.009670973977,130600.68405874778,130520.17307521976,0.0,0.0,0.0,0.0
-23647.96681975923,-4350.141209380771,144618.91587006045,144534.80625567512,0.0,0.0,0.0,0.0
-36010.49316054501,-24450.439149193666,173515.92165421508,173426.24645546038,0.0,0.0,0.0,0.0
-26969.883080706964,-19583.570311495103,187500.0,187500.0,0.0,0.0,0.0,0.0
-15653.753656596382,-6630.220309522189,187500.0,187500.0,0.0,0.0,0.0,0.0
-13046.579128096,-3937.907986391543,187500.0,187500.0,0.0,0.0,0.0,0.0
-6278.046223884371,4407.9428205421955,187500.0,187500.0,0.0,0.0,0.0,0.0
-2318.4793971156355,10777.519437971048,187500.0,187500.0,0.0,0.0,0.0,0.0
-1012.0199337029379,14243.537395422149,187500.0,187500.0,0.0,0.0,0.0,0.0
-3958.292777334783,12190.484963713285,187500.0,187500.0,0.0,0.0,0.0,0.0
-6148.383754299135,9708.860183818362,187500.0,187500.0,0.0,0.0,0.0,0.0
-6421.343257587345,9255.052716142263,187500.0,187500.0,0.0,0.0,0.0,0.0
-6444.767885776507,9125.725522723857,187500.0,187500.0,0.0,0.0,0.0,0.0
-6374.851629120306,9097.361159010072,187500.0,187500.0,0.0,0.0,0.0,0.0
-6022.8563574381305,9087.615798427558,187500.0,187500.0,0.0,0.0,0.0,0.0
-595.3387135671036,14645.242946772927,187500.0,187500.0,0.0,0.0,0.0,0.0
12437.717609133437,31846.363168521308,182655.23703756774,182569.339283626,0.0,0.0,0.0,0.0
15010.917486061751,39522.3768976184,159933.81708071436,159851.3838471632,0.0,0.0,0.0,0.0
10177.48685806833,37407.946575635266,141255.62653012594,141175.69669195375,0.0,0.0,0.0,0.0
1346.5361412210634,28444.785290334858,131070.1377475426,130991.03492391527,0.0,0.0,0.0,0.0
-8647.71111580266,15980.0220704105,130566.95527636472,130486.77956900354,0.0,0.0,0.0,0.0
-23658.695657097778,-4390.374349400324,144529.50889223922,144445.37692610943,0.0,0.0,0.0,0.0
-36890.23547056144,-25623.32458774145,174304.2900328982,174214.10074402104,0.0,0.0,0.0,0.0
-26343.40838711362,-19088.121543898767,187500.0,187500.0,0.0,0.0,0.0,0.0
-15248.516529621666,-6128.758922667375,187500.0,187500.0,0.0,0.0,0.0,0.0
-12887.613521529856,-3669.619997694492,187500.0,187500.0,0.0,0.0,0.0,0.0
-6268.703194702053,4507.139862434848,187500.0,187500.0,0.0,0.0,0.0,0.0
-2354.5774644109565,10813.282229099541,187500.0,187500.0,0.0,0.0,0.0,0.0
-1112.3792663072666,14189.245008140208,187500.0,187500.0,0.0,0.0,0.0,0.0
-4115.112616433217,12016.498984873175,187500.0,187500.0,0.0,0.0,0.0,0.0
-6174.60235054521,9681.121668949327,187500.0,187500.0,0.0,0.0,0.0,0.0
-6414.123644128281,9256.237358598395,187500.0,187500.0,0.0,0.0,0.0,0.0
-6430.172196647191,9133.9062611945,187500.0,187500.0,0.0,0.0,0.0,0.0
-6363.318128981367,9116.807176686189,187500.0,187500.0,0.0,0.0,0.0,0.0
-5993.486165223857,9118.461205775882,187500.0,187500.0,0.0,0.0,0.0,0.0
-610.4708445633465,14614.777519080344,187500.0,187500.0,0.0,0.0,0.0,0.0
12444.579594681216,31829.800525879924,182768.15805055597,182682.32735184758,0.0,0.0,0.0,0.0
15072.205969358203,39559.92782830332,160045.8216721799,159963.4554938621,0.0,0.0,0.0,0.0
10263.004632354336,37490.223346975254,141319.48546403475,141239.39916365137,0.0,0.0,0.0,0.0
1407.8246245175153,28521.809401727845,131075.52451795634,130996.44404607345,0.0,0.0,0.0,0.0
-8591.764699431027,16068.8926063648,130527.0127090231,130446.792298173,0.0,0.0,0.0,0.0
-23558.515138449093,-4209.995771645996,144381.89797185635,144297.74365398212,0.0,0.0,0.0,0.0
-36876.980886099445,-25504.122734561293,174072.52479464113,173982.58137495298,0.0,0.0,0.0,0.0
-26496.29431918792,-19208.41863255723,187500.0,187500.0,0.0,0.0,0.0,0.0
-15247.823625543551,-6113.984419582417,187500.0,187500.0,0.0,0.0,0.0,0.0
-12909.160603184773,-3673.151573318431,187500.0,187500.0,0.0,0.0,0.0,0.0
-6266.557427234344,4512.79485378204,187500.0,187500.0,0.0,0.0,0.0,0.0
-2325.2072721966833,10838.42794161176,187500.0,187500.0,0.0,0.0,0.0,0.0
-1071.5202774429654,14231.847433072024,187500.0,187500.0,0.0,0.0,0.0,0.0
-4095.934819690564,12050.227767256232,187500.0,187500.0,0.0,0.0,0.0,0.0
-6181.307873881802,9677.05365145846,187500.0,187500.0,0.0,0.0,0.0,0.0
-6436.0954089278475,9229.169396063018,187500.0,187500.0,0.0,0.0,0.0,0.0
-6449.506455601032,9106.972409125854,187500.0,187500.0,0.0,0.0,0.0,0.0
-6370.850666862806,9103.731406179835,187500.0,187500.0,0.0,0.0,0.0,0.0
-6012.686313710966,9119.221165087363,187500.0,187500.0,0.0,0.0,0.0,0.0
-674.9556273169073,14563.077934155219,187500.0,187500.0,0.0,0.0,0.0,0.0
12403.318274416719,31766.835661749326,182896.05473232924,182810.02286792075,0.0,0.0,0.0,0.0
15124.486699639167,39596.47293048775,160181.67557497928,160099.287044917,0.0,0.0,0.0,0.0
10369.108363283678,37588.526319089695,141412.75929364673,141332.78475198566,0.0,0.0,0.0,0.0
1515.6941432588271,28632.91992341518,131113.8577596972,131034.66552909203,0.0,0.0,0.0,0.0
-8469.902988660693,16203.78538415258,130487.27130738155,130407.09560002037,0.0,0.0,0.0,0.0
-23431.646636920766,-4065.648205953623,144229.6825921157,144145.6176812193,0.0,0.0,0.0,0.0
-36836.72539433544,-25440.59907681931,173839.70902439466,173749.8103081954,0.0,0.0,0.0,0.0
-26676.404676008784,-19409.807850099547,187500.0,187500.0,0.0,0.0,0.0,0.0
-15286.492143451233,-6166.511019052389,187500.0,187500.0,0.0,0.0,0.0,0.0
-12975.500580728125,-3755.2271789583183,187500.0,187500.0,0.0,0.0,0.0,0.0
-6325.0966459627925,4419.722189870142,187500.0,187500.0,0.0,0.0,0.0,0.0
-2353.012842299085,10780.983958361621,187500.0,187500.0,0.0,0.0,0.0,0.0
-1087.658236939697,14188.61915929546,187500.0,187500.0,0.0,0.0,0.0,0.0
-4070.0514996113184,12052.798217868592,187500.0,187500.0,0.0,0.0,0.0,0.0
-6164.655824262599,9674.036165956995,187500.0,187500.0,0.0,0.0,0.0,0.0
-6424.9418884446495,9229.9293553745,187500.0,187500.0,0.0,0.0,0.0,0.0
-6446.444266610654,9108.089996348619,187500.0,187500.0,0.0,0.0,0.0,0.0
-6365.9556348270935,9106.145394581008,187500.0,187500.0,0.0,0.0,0.0,0.0
-6007.970095630896,9121.56809825517,187500.0,187500.0,0.0,0.0,0.0,0.0
-734.5900815236666,14492.49112516536,187500.0,187500.0,0.0,0.0,0.0,0.0
12376.987919448367,31699.60161442776,183020.97863208994,182934.96911942592,0.0,0.0,0.0,0.0
15173.749944418663,39605.83831141452,160277.54220694807,160195.1089733969,0.0,0.0,0.0,0.0
10447.026544454879,37640.76234588175,141453.77474472224,141373.86725829451,0.0,0.0,0.0,0.0
1587.9349813383797,28708.71468886312,131093.0482856093,131013.85605500413,0.0,0.0,0.0,0.0
-8404.300618684367,16298.646187620901,130418.4279344592,130338.29693058693,0.0,0.0,0.0,0.0
-23338.596324753325,-3904.514480175314,144068.01242447048,143984.26043799645,0.0,0.0,0.0,0.0
-36805.99174570939,-25327.074566730807,173606.89325414816,173517.1062966712,0.0,0.0,0.0,0.0
-26835.0350064081,-19552.68020065787,187500.0,187500.0,0.0,0.0,0.0,0.0
-15337.096492898047,-6202.139699714148,187500.0,187500.0,0.0,0.0,0.0,0.0
-13044.567471095022,-3807.9996476172983,187500.0,187500.0,0.0,0.0,0.0,0.0
-6327.488282619511,4413.7542741005755,187500.0,187500.0,0.0,0.0,0.0,0.0
-2324.6484785853004,10821.530022803548,187500.0,187500.0,0.0,0.0,0.0,0.0
-1101.0022283795154,14174.783429477624,187500.0,187500.0,0.0,0.0,0.0,0.0
-4020.7659030873665,12115.606619788006,187500.0,187500.0,0.0,0.0,0.0,0.0
-6148.271995576858,9697.617256357344,187500.0,187500.0,0.0,0.0,0.0,0.0
-6415.196527862136,9244.368582292627,187500.0,187500.0,0.0,0.0,0.0,0.0
-6440.923385730194,9115.242554574317,187500.0,187500.0,0.0,0.0,0.0,0.0
-6363.787515614929,9100.691568933913,187500.0,187500.0,0.0,0.0,0.0,0.0
-6015.435578278969,9105.340731780618,187500.0,187500.0,0.0,0.0,0.0,0.0
-782.0875384911941,14426.106444133096,187500.0,187500.0,0.0,0.0,0.0,0.0
12337.894718396035,31628.232494381966,183092.43715911356,183006.36059121616,0.0,0.0,0.0,0.0
15177.393278764877,39585.52057570464,160358.96961199876,160276.51402670314,0.0,0.0,0.0,0.0
10517.926277867113,37701.648497778,141502.16627146796,141422.34819201808,0.0,0.0,0.0,0.0
1679.8006510496916,28791.237329392115,131081.67124768154,131002.61312754311,0.0,0.0,0.0,0.0
-8315.83241413026,16373.52453154618,130363.39793961025,130283.46810143806,0.0,0.0,0.0,0.0
-23228.26811412193,-3784.7985368726895,143932.18087341558,143848.31712821926,0.0,0.0,0.0,0.0
-36788.37857107861,-25284.15921737662,173413.59536809867,173323.71900364387,0.0,0.0,0.0,0.0
-26877.57037610655,-19603.50806754924,187500.0,187500.0,0.0,0.0,0.0,0.0
-14255.070895561088,-4880.5257535607525,187500.0,187500.0,0.0,0.0,0.0,0.0
-13155.767399760176,-3587.209115887775,187500.0,187500.0,0.0,0.0,0.0,0.0
-7150.770086141835,3515.862347586435,187500.0,187500.0,0.0,0.0,0.0,0.0
-2576.105603707505,10424.026599410368,187500.0,187500.0,0.0,0.0,0.0,0.0
-1119.1518448772247,14056.83327398697,187500.0,187500.0,0.0,0.0,0.0,0.0
-4054.9864238484415,11972.734269229684,187500.0,187500.0,0.0,0.0,0.0,0.0
-6113.537384693312,9645.537691776479,187500.0,187500.0,0.0,0.0,0.0,0.0
-6376.438602976633,9219.982829091887,187500.0,187500.0,0.0,0.0,0.0,0.0
-6395.705806697108,9105.94422888091,187500.0,187500.0,0.0,0.0,0.0,0.0
-6327.06359947486,9096.310627020674,187500.0,187500.0,0.0,0.0,0.0,0.0
-5994.223772790882,9095.997702598299,187500.0,187500.0,0.0,0.0,0.0,0.0
-857.1893998610259,14302.791869973169,187500.0,187500.0,0.0,0.0,0.0,0.0
12290.978406784345,31503.308594621256,183257.9518268051,183171.80820367436,0.0,0.0,0.0,0.0
15200.035595898104,39551.27770319911,160509.86623881652,160427.1647843319,0.0,0.0,0.0,0.0
10551.677411994626,37702.94489895641,141625.25732818333,141545.17102779998,0.0,0.0,0.0,0.0
1728.4156952399846,28829.481164155146,131149.1511641921,131069.91423009805,0.0,0.0,0.0,0.0
-8246.094971429702,16453.141445295983,130367.62241931229,130287.5584706734,0.0,0.0,0.0,0.0
-23121.00209248091,-3642.86495958149,143821.1374069616,143737.2736617653,0.0,0.0,0.0,0.0
-36738.020090820806,-25177.139064924606,173222.5326564947,173133.0139199512,0.0,0.0,0.0,0.0
-27043.465023453835,-19754.114121689097,187500.0,187500.0,0.0,0.0,0.0,0.0
-15209.669197758341,-6046.348040860658,187500.0,187500.0,0.0,0.0,0.0,0.0
-13174.609920335999,-3933.035306100286,187500.0,187500.0,0.0,0.0,0.0,0.0
-6464.996214508559,4234.605042291289,187500.0,187500.0,0.0,0.0,0.0,0.0
-2385.3558165259146,10692.560457296428,187500.0,187500.0,0.0,0.0,0.0,0.0
-1018.9266227396278,14210.032130483643,187500.0,187500.0,0.0,0.0,0.0,0.0
-3916.942050092465,12198.106908572545,187500.0,187500.0,0.0,0.0,0.0,0.0
-6092.705558860965,9733.648268419298,187500.0,187500.0,0.0,0.0,0.0,0.0
-6365.039213304426,9268.26259711535,187500.0,187500.0,0.0,0.0,0.0,0.0
-6387.323902526367,9130.777016970756,187500.0,187500.0,0.0,0.0,0.0,0.0
-6325.141349451703,9106.301856792195,187500.0,187500.0,0.0,0.0,0.0,0.0
-5990.982769844863,9098.501097977292,187500.0,187500.0,0.0,0.0,0.0,0.0
-875.8978099701179,14275.589796971059,187500.0,187500.0,0.0,0.0,0.0,0.0
12275.041612987712,31481.1803676105,183330.99732768504,183245.1442772322,0.0,0.0,0.0,0.0
15202.337825577,39559.190220736295,160599.94376897143,160517.644645887,0.0,0.0,0.0,0.0
10600.650084096203,37768.10023404363,141698.0569598743,141618.2835839133,0.0,0.0,0.0,0.0
1807.004428744844,28937.328331152003,131156.19196369554,131076.93267785702,0.0,0.0,0.0,0.0
-8148.931938282483,16565.302498972716,130307.33976451633,130227.20876064406,0.0,0.0,0.0,0.0
-23008.282245192797,-3507.3239812045076,143663.4011463405,143579.73856684432,0.0,0.0,0.0,0.0
-36688.019238474284,-25103.579473922193,172988.33107809201,172898.63352759284,0.0,0.0,0.0,0.0
-27203.48116200938,-19951.03299034035,187500.0,187500.0,0.0,0.0,0.0,0.0
-15287.274454507167,-6165.326376596257,187500.0,187500.0,0.0,0.0,0.0,0.0
-13146.960812444784,-3924.6310501850908,187500.0,187500.0,0.0,0.0,0.0,0.0
-6470.248874455557,4226.245489865004,187500.0,187500.0,0.0,0.0,0.0,0.0
-2425.3207356120033,10632.8589478563,187500.0,187500.0,0.0,0.0,0.0,0.0
-1025.3415733983009,14203.885400758434,187500.0,187500.0,0.0,0.0,0.0,0.0
-3920.7641983943226,12217.03883612619,187500.0,187500.0,0.0,0.0,0.0,0.0
-6089.5986663816775,9768.427582791755,187500.0,187500.0,0.0,0.0,0.0,0.0
-6362.580521414343,9313.726045337444,187500.0,187500.0,0.0,0.0,0.0,0.0
-6405.182946346158,9175.86048553711,187500.0,187500.0,0.0,0.0,0.0,0.0
-6344.140332238714,9153.24052014834,187500.0,187500.0,0.0,0.0,0.0,0.0
-6021.515252770812,9137.639002518536,187500.0,187500.0,0.0,0.0,0.0,0.0
-1006.6555150336642,14192.754232019692,187500.0,187500.0,0.0,0.0,0.0,0.0
12202.912533630435,31400.512921871297,183508.33606819346,183422.37125901834,0.0,0.0,0.0,0.0
15244.202642941791,39581.31844774705,160741.45266311796,160659.0641330557,0.0,0.0,0.0,0.0
10672.756811709025,37821.72206899191,141773.38233868865,141693.4525005165,0.0,0.0,0.0,0.0
1865.6107027066594,28997.141599314404,131178.2531354729,131099.01620137886,0.0,0.0,0.0,0.0
-8072.153696078503,16690.472267922436,130257.2942086809,130177.20790829754,0.0,0.0,0.0,0.0
-22933.15803207851,-3335.3496593653754,143521.0205341602,143437.24619594173,0.0,0.0,0.0,0.0
-36677.84919474712,-24972.41943745845,172794.47439843114,172705.0674206099,0.0,0.0,0.0,0.0
-27365.33014361026,-20044.865613563732,187500.0,187500.0,0.0,0.0,0.0,0.0
-15357.347173374555,-6214.164938231103,187500.0,187500.0,0.0,0.0,0.0,0.0
-13175.593397092032,-3913.3210674907054,187500.0,187500.0,0.0,0.0,0.0,0.0
-6505.43052022821,4241.198806905604,187500.0,187500.0,0.0,0.0,0.0,0.0
-2418.14582564185,10712.386454628284,187500.0,187500.0,0.0,0.0,0.0,0.0
-1029.2307769335243,14253.0145350712,187500.0,187500.0,0.0,0.0,0.0,0.0
-3921.8817856170876,12264.983327982824,187500.0,187500.0,0.0,0.0,0.0,0.0
-6110.832823614219,9797.060167439005,187500.0,187500.0,0.0,0.0,0.0,0.0
-6382.853553635306,9330.489853678924,187500.0,187500.0,0.0,0.0,0.0,0.0
-6404.043007378938,9197.921657314499,187500.0,187500.0,0.0,0.0,0.0,0.0
-6329.276422175935,9180.040261750253,187500.0,187500.0,0.0,0.0,0.0,0.0
-6004.125595584584,9160.48248535186,187500.0,187500.0,0.0,0.0,0.0,0.0
-1067.2287425075463,14133.32094351303,187500.0,187500.0,0.0,0.0,0.0,0.0
12139.433579377364,31326.796868657693,183658.51743918867,183572.48557478018,0.0,0.0,0.0,0.0
15274.712774123285,39632.392183827425,160866.80124602333,160784.5468264278,0.0,0.0,0.0,0.0
10698.751890510546,37906.85986362217,141869.49483984648,141789.56500167432,0.0,0.0,0.0,0.0
1909.6883427725247,29112.834228615076,131221.1237813382,131141.86449549967,0.0,0.0,0.0,0.0
-8005.701959812875,16831.37766496869,130219.25153961797,130139.09818400124,0.0,0.0,0.0,0.0
-22861.721856799348,-3183.044872646913,143359.6409391929,143275.8218974855,0.0,0.0,0.0,0.0
-36719.334032456165,-24954.783911083214,172599.231910614,172509.4673048815,0.0,0.0,0.0,0.0
-27526.039186243917,-20193.549417680435,187500.0,187500.0,0.0,0.0,0.0,0.0
-15303.211248303802,-6112.73272189292,187500.0,187500.0,0.0,0.0,0.0,0.0
-13229.215232040315,-3905.2744394867946,187500.0,187500.0,0.0,0.0,0.0,0.0
-6607.242716222134,4138.29137543337,187500.0,187500.0,0.0,0.0,0.0,0.0
-2435.535482828079,10688.939474694667,187500.0,187500.0,0.0,0.0,0.0,0.0
-1021.0947419517926,14262.759895653713,187500.0,187500.0,0.0,0.0,0.0,0.0
-3890.6116951241133,12283.915255536469,187500.0,187500.0,0.0,0.0,0.0,0.0
-6105.423701456035,9777.569446273978,187500.0,187500.0,0.0,0.0,0.0,0.0
-6395.392882274733,9303.332484165727,187500.0,187500.0,0.0,0.0,0.0,0.0
-6427.691153012652,9167.85856102211,187500.0,187500.0,0.0,0.0,0.0,0.0
-6361.172361513658,9153.754610270811,187500.0,187500.0,0.0,0.0,0.0,0.0
-6050.43841009598,9146.982031700854,187500.0,187500.0,0.0,0.0,0.0,0.0
-1144.9904614675595,14078.11213470842,187500.0,187500.0,0.0,0.0,0.0,0.0
12069.29380527661,31253.460795099832,183774.09830976705,183687.93233489184,0.0,0.0,0.0,0.0
15257.837207059529,39619.674041232356,160994.92144524117,160912.35410122326,0.0,0.0,0.0,0.0
10726.758626313047,37944.924884429565,141959.9523496571,141879.9331045071,0.0,0.0,0.0,0.0
1950.7708490813793,29165.807862974154,131253.26558986492,131174.18511798207,0.0,0.0,0.0,0.0
-7958.919758667917,16892.420279076134,130199.67141147512,130119.5627593473,0.0,0.0,0.0,0.0
-22790.442143731376,-3074.951836461048,143248.1057343609,143164.46550660915,0.0,0.0,0.0,0.0
-36692.3107734097,-24874.787017677667,172404.9505478085,172315.2753490538,0.0,0.0,0.0,0.0
-27670.297344958468,-20341.965000863675,187500.0,187500.0,0.0,0.0,0.0,0.0
-15335.330705086079,-6164.834638218241,187500.0,187500.0,0.0,0.0,0.0,0.0
-13301.277256164225,-3992.2003736734837,187500.0,187500.0,0.0,0.0,0.0,0.0
-6674.2979495880545,4053.3323947587487,187500.0,187500.0,0.0,0.0,0.0,0.0
-1644.0602116656557,11637.97219252255,187500.0,187500.0,0.0,0.0,0.0,0.0
-879.183516405048,14756.44287543808,187500.0,187500.0,0.0,0.0,0.0,0.0
-4811.749435871772,11256.360859437093,187500.0,187500.0,0.0,0.0,0.0,0.0
-6236.270813497403,9535.388295100725,187500.0,187500.0,0.0,0.0,0.0,0.0
-6398.7679956874845,9240.009992123842,187500.0,187500.0,0.0,0.0,0.0,0.0
-6411.21791734909,9156.034488205254,187500.0,187500.0,0.0,0.0,0.0,0.0
-6345.012050272471,9149.798351502222,187500.0,187500.0,0.0,0.0,0.0,0.0
-6038.301412856747,9139.650659519513,187500.0,187500.0,0.0,0.0,0.0,0.0
-1209.6093546878524,13985.888837085824,187500.0,187500.0,0.0,0.0,0.0,0.0
12023.740950076693,31159.538764898633,183910.91333757798,183824.88147316952,0.0,0.0,0.0,0.0
15293.3094255101,39614.22021558526,161135.3798073983,161052.74540814705,0.0,0.0,0.0,0.0
10816.992618679122,38023.31245223433,142044.26312974253,141963.99801540351,0.0,0.0,0.0,0.0
2025.6938964955684,29275.443169527432,131271.6387238072,131192.37943796866,0.0,0.0,0.0,0.0
-7882.588551353044,17031.71635052161,130150.36346320671,130070.36656980118,0.0,0.0,0.0,0.0
-22737.624971583486,-2960.82382927225,143140.81736097543,143057.17713322368,0.0,0.0,0.0,0.0
-36681.20195641541,-24810.905732024403,172261.27353444978,172171.84420488408,0.0,0.0,0.0,0.0
-27776.758703799096,-20435.060016520027,187500.0,187500.0,0.0,0.0,0.0,0.0
-15392.171191235924,-6235.019115807905,187500.0,187500.0,0.0,0.0,0.0,0.0
-13312.430776647423,-4031.1818160035396,187500.0,187500.0,0.0,0.0,0.0,0.0
-6633.349553745932,4073.739537446444,187500.0,187500.0,0.0,0.0,0.0,0.0
-2529.949251407296,10540.90387116717,187500.0,187500.0,0.0,0.0,0.0,0.0
-1047.4698004090549,14200.130307689942,187500.0,187500.0,0.0,0.0,0.0,0.0
-3823.355296058094,12379.938349716467,187500.0,187500.0,0.0,0.0,0.0,0.0
-6119.862928374163,9806.47025185469,187500.0,187500.0,0.0,0.0,0.0,0.0
-6417.968144174593,9316.229440716439,187500.0,187500.0,0.0,0.0,0.0,0.0
-6443.650298553741,9185.807011819723,187500.0,187500.0,0.0,0.0,0.0,0.0
-6368.816658117373,9176.084002981665,187500.0,187500.0,0.0,0.0,0.0,0.0
-6036.468569811413,9164.684613309457,187500.0,187500.0,0.0,0.0,0.0,0.0
-1228.295413052489,13967.582758376928,187500.0,187500.0,0.0,0.0,0.0,0.0
12023.629191354417,31140.40567164489,183994.7323792854,183908.54405266573,0.0,0.0,0.0,0.0
15436.137072579513,39758.076042899615,161164.70529612366,161082.0261933835,0.0,0.0,0.0,0.0
10942.654126006857,38181.69691344463,141955.9066839107,141875.9321422496,0.0,0.0,0.0,0.0
2084.9260193021323,29344.420652916513,131191.91005133511,131112.87428294113,0.0,0.0,0.0,0.0
-7806.905544627374,17128.432348779723,130031.56394142675,129951.67880674348,0.0,0.0,0.0,0.0
-22614.936246268302,-2799.6901034939415,142920.5856228573,142836.94539510555,0.0,0.0,0.0,0.0
-36643.29339781921,-24730.75237640767,171964.62118203894,171875.21420421771,0.0,0.0,0.0,0.0
-27939.81467960056,-20621.630027488474,187500.0,187500.0,0.0,0.0,0.0,0.0
-15366.578443834596,-6229.677048883087,187500.0,187500.0,0.0,0.0,0.0,0.0
-13324.835994820118,-4044.6375661656343,187500.0,187500.0,0.0,0.0,0.0,0.0
-6678.567132779019,4001.230478433428,187500.0,187500.0,0.0,0.0,0.0,0.0
-2446.241968422171,10599.219572451064,187500.0,187500.0,0.0,0.0,0.0,0.0
-943.1542090361368,14277.690860949859,187500.0,187500.0,0.0,0.0,0.0,0.0
-3762.849123817578,12426.385274694596,187500.0,187500.0,0.0,0.0,0.0,0.0
-6051.19836940746,9875.134810821392,187500.0,187500.0,0.0,0.0,0.0,0.0
-6352.835160831829,9392.62770326468,187500.0,187500.0,0.0,0.0,0.0,0.0
-6389.156745571702,9260.193617366984,187500.0,187500.0,0.0,0.0,0.0,0.0
-6333.456198389077,9250.381201551105,187500.0,187500.0,0.0,0.0,0.0,0.0
-6003.119767084095,9242.73690494739,187500.0,187500.0,0.0,0.0,0.0,0.0
-1301.9667627771812,13928.355446857864,187500.0,187500.0,0.0,0.0,0.0,0.0
11986.391185091876,31101.87126420394,184187.62793393468,184101.6631247596,0.0,0.0,0.0,0.0
15426.525822463731,39748.62125499502,161383.12654294094,161300.6709576453,0.0,0.0,0.0,0.0
11034.005705595697,38279.217574503135,142185.1238232999,142104.9928194276,0.0,0.0,0.0,0.0
2244.7186404131226,29560.450263077055,131284.13334895772,131204.87406311918,0.0,0.0,0.0,0.0
-7665.37429873637,17325.530031386617,130041.71163340946,129961.91590570402,0.0,0.0,0.0,0.0
-22511.1123932734,-2627.648726421443,142865.7791454529,142782.2953799123,0.0,0.0,0.0,0.0
-36592.91256581695,-24589.62346191686,171858.49509936513,171769.11047328837,0.0,0.0,0.0,0.0
-28009.082735667558,-20617.159678597414,187500.0,187500.0,0.0,0.0,0.0,0.0
-15397.513258160741,-6205.268943937891,187500.0,187500.0,0.0,0.0,0.0,0.0
-13357.246024280314,-4056.1487145601172,187500.0,187500.0,0.0,0.0,0.0,0.0
-6650.359231276421,4063.8153629082876,187500.0,187500.0,0.0,0.0,0.0,0.0
-2431.0651339370174,10684.0220909145,187500.0,187500.0,0.0,0.0,0.0,0.0
-946.1716945376032,14375.300928986184,187500.0,187500.0,0.0,0.0,0.0,0.0
-3719.9114227189334,12585.105012071732,187500.0,187500.0,0.0,0.0,0.0,0.0
-6051.7348112743875,9988.301692998612,187500.0,187500.0,0.0,0.0,0.0,0.0
-6358.668966134664,9487.376748010725,187500.0,187500.0,0.0,0.0,0.0,0.0
-6400.310266054901,9326.46653967697,187500.0,187500.0,0.0,0.0,0.0,0.0
-6330.7963407988955,9307.244039445406,187500.0,187500.0,0.0,0.0,0.0,0.0
-6012.954534644429,9287.574504324735,187500.0,187500.0,0.0,0.0,0.0,0.0
-1369.357272309932,13901.868629678325,187500.0,187500.0,0.0,0.0,0.0,0.0
11924.74507388414,31049.4787752007,184333.00367987202,184246.81535325234,0.0,0.0,0.0,0.0
15446.620040729053,39771.375330850526,161550.2728879777,161467.8173026821,0.0,0.0,0.0,0.0
11096.255313903728,38348.507982314586,142336.78040942914,142256.71646079022,0.0,0.0,0.0,0.0
2343.4909991611244,29681.239090113533,131370.52284127747,131291.55412811687,0.0,0.0,0.0,0.0
-7586.40558557577,17453.046733504147,130053.40159575958,129973.47175758741,0.0,0.0,0.0,0.0
-22431.473127779143,-2483.234105495704,142786.58691484772,142703.0360940738,0.0,0.0,0.0,0.0
-36556.25570491025,-24488.88414965679,171690.96877467263,171601.7629625515,0.0,0.0,0.0,0.0
-28140.42158608694,-20742.128281847035,187500.0,187500.0,0.0,0.0,0.0,0.0
-15451.738590209317,-6252.028793338393,187500.0,187500.0,0.0,0.0,0.0,0.0
-13330.558041400676,-3972.128507152618,187500.0,187500.0,0.0,0.0,0.0,0.0
-6636.925832858781,4166.521628680423,187500.0,187500.0,0.0,0.0,0.0,0.0
-2519.8015594245862,10642.470197972083,187500.0,187500.0,0.0,0.0,0.0,0.0
-988.6400090026867,14324.987152217289,187500.0,187500.0,0.0,0.0,0.0,0.0
-3660.2993202566295,12611.368311806717,187500.0,187500.0,0.0,0.0,0.0,0.0
-6003.835022906665,9976.432916692844,187500.0,187500.0,0.0,0.0,0.0,0.0
-6312.0655789453485,9479.97832059602,187500.0,187500.0,0.0,0.0,0.0,0.0
-6348.253053218491,9336.681286893045,187500.0,187500.0,0.0,0.0,0.0,0.0
-6288.551543778365,9310.999132513898,187500.0,187500.0,0.0,0.0,0.0,0.0
-5984.947798841929,9296.448146873492,187500.0,187500.0,0.0,0.0,0.0,0.0
-1379.3037985925434,13874.286577020477,187500.0,187500.0,0.0,0.0,0.0,0.0
11930.936507098259,31034.14547850436,184407.34558193036,184321.33606926634,0.0,0.0,0.0,0.0
15468.055363661691,39789.63670607051,161624.03364468022,161541.60041112907,0.0,0.0,0.0,0.0
11138.455407435347,38406.48840743165,142382.3556163735,142302.5375369236,0.0,0.0,0.0,0.0
2387.970970627185,29765.728684154594,131365.87367843077,131286.77085480344,0.0,0.0,0.0,0.0
-7524.178329012196,17569.029935482733,129984.69233330397,129904.78484687625,0.0,0.0,0.0,0.0
-22331.76199576402,-2321.0721994724513,142618.412389566,142535.01803100324,0.0,0.0,0.0,0.0
-36514.301480567636,-24404.103982937813,171465.5290800964,171376.27856448633,0.0,0.0,0.0,0.0
-28243.97721814838,-20867.2756990523,187500.0,187500.0,0.0,0.0,0.0,0.0
-15404.241133241789,-6229.56529016081,187500.0,187500.0,0.0,0.0,0.0,0.0
-13330.178061744937,-4004.583240101724,187500.0,187500.0,0.0,0.0,0.0,0.0
-6712.564136095541,4021.7940833323105,187500.0,187500.0,0.0,0.0,0.0,0.0
-2534.821931698553,10575.32555762834,187500.0,187500.0,0.0,0.0,0.0,0.0
-966.4000232696561,14331.893841253977,187500.0,187500.0,0.0,0.0,0.0,0.0
-3680.751166433235,12607.9261431606,187500.0,187500.0,0.0,0.0,0.0,0.0
-6081.261465699848,9943.642907576908,187500.0,187500.0,0.0,0.0,0.0,0.0
-6355.539721910921,9489.053128844873,187500.0,187500.0,0.0,0.0,0.0,0.0
-6392.844783406828,9343.342106740727,187500.0,187500.0,0.0,0.0,0.0,0.0
-6319.955744738072,9328.120568766662,187500.0,187500.0,0.0,0.0,0.0,0.0
-6000.7281304273765,9309.680379591035,187500.0,187500.0,0.0,0.0,0.0,0.0
-1378.2756183475994,13888.435231260686,187500.0,187500.0,0.0,0.0,0.0,0.0
11841.708343232673,30898.805665827476,184503.9051179773,184417.783846591,0.0,0.0,0.0,0.0
15524.64998062253,39784.31699089015,161745.69418975047,161663.48447364385,0.0,0.0,0.0,0.0
11198.782765720222,38416.30082324753,142492.63912351598,142412.70928534382,0.0,0.0,0.0,0.0
2464.369233175425,29803.816056706437,131439.7238421111,131360.57631499486,0.0,0.0,0.0,0.0
-7429.205766821596,17644.02003813029,130002.2384527014,129922.12980057357,0.0,0.0,0.0,0.0
-22233.414320160668,-2191.9461717541426,142532.7381530688,142449.3214427616,0.0,0.0,0.0,0.0
-36489.044009333134,-24303.968167778035,171300.86377869413,171211.88148401756,0.0,0.0,0.0,0.0
-28378.490016280415,-20956.794435595802,187500.0,187500.0,0.0,0.0,0.0,0.0
-15447.514110507263,-6237.6342699091765,187500.0,187500.0,0.0,0.0,0.0,0.0
-13378.54723674622,-4006.5948971027015,187500.0,187500.0,0.0,0.0,0.0,0.0
-6740.727334109228,4010.193527960006,187500.0,187500.0,0.0,0.0,0.0,0.0
-2543.784981225131,10550.001031160478,187500.0,187500.0,0.0,0.0,0.0,0.0
-941.5448834353547,14328.809300519146,187500.0,187500.0,0.0,0.0,0.0,0.0
-3587.0303019321327,12688.370071455249,187500.0,187500.0,0.0,0.0,0.0,0.0
-5989.909886111008,10023.662152726907,187500.0,187500.0,0.0,0.0,0.0,0.0
-6309.517480077444,9505.369902297247,187500.0,187500.0,0.0,0.0,0.0,0.0
-6346.174340984147,9357.982499358952,187500.0,187500.0,0.0,0.0,0.0,0.0
-6276.839229683785,9340.525786939357,187500.0,187500.0,0.0,0.0,0.0,0.0
-5969.122763767572,9312.161423225572,187500.0,187500.0,0.0,0.0,0.0,0.0
